evaluation_protocol,analysis_family,model_name,modality,submodality,modality_combination,fusion_method,feature_strategy,selected_feature_k,metric_split,audit_model,specification_rank,n_specifications_in_protocol,auroc,auprc,balanced_accuracy,f1,n_samples,n_participants,table_source
clean_internal_protocol,strong_multimodal_fusion,strong_baseline_selected_fusion,multimodal,,cough+breath+speech,validation_weighted_auprc,,,test,,1,95,0.8908544882924312,0.845578951589023,0.8359532635728028,0.7835051546391752,312.0,312.0,strong_baseline_metrics
clean_internal_protocol,strong_multimodal_fusion,strong_baseline_selected_fusion,multimodal,,cough+breath+speech,stacked_logistic_validation,,,test,,2,95,0.8907606400450471,0.8418721023082718,0.7805593355544085,0.694560669456067,312.0,312.0,strong_baseline_metrics
clean_internal_protocol,strong_global_stacking,top_10_global_stack,multimodal,,global_prediction_stack,top_global_validation_weighted_auroc,,,test,,3,95,0.8901037023133593,0.8391575368715871,0.8089953545117545,0.7312775330396476,312.0,312.0,strong_baseline_metrics
clean_internal_protocol,strong_multimodal_fusion,strong_baseline_selected_fusion,multimodal,,cough+breath+speech,uniform_mean,,,test,,4,95,0.8900567781896673,0.8445025198746187,0.8359532635728028,0.7835051546391752,312.0,312.0,strong_baseline_metrics
clean_internal_protocol,strong_global_stacking,top_10_global_stack,multimodal,,global_prediction_stack,top_global_uniform_mean,,,test,,5,95,0.8900098540659753,0.8390454385496141,0.8089953545117545,0.7312775330396476,312.0,312.0,strong_baseline_metrics
clean_internal_protocol,strong_global_stacking,top_10_global_stack,multimodal,,global_prediction_stack,top_global_stacked_logistic_validation,,,test,,6,95,0.8897283093238234,0.8386683485744449,0.8046783351320914,0.723404255319149,312.0,312.0,strong_baseline_metrics
clean_internal_protocol,strong_multimodal_fusion,strong_baseline_selected_fusion,multimodal,,cough+speech,validation_weighted_auprc,,,test,,7,95,0.8880410654827969,0.8407058375722756,0.8158065112837588,0.7364016736401674,314.0,314.0,strong_baseline_metrics
clean_internal_protocol,strong_multimodal_fusion,strong_baseline_selected_fusion,multimodal,,cough+speech,uniform_mean,,,test,,8,95,0.8879485756566777,0.8399766065502792,0.8065112837587866,0.7378640776699029,314.0,314.0,strong_baseline_metrics
clean_internal_protocol,strong_multimodal_fusion,strong_baseline_selected_fusion,multimodal,,cough+speech,stacked_logistic_validation,,,test,,9,95,0.8875323714391417,0.8384649083260106,0.815251572327044,0.7391304347826086,314.0,314.0,strong_baseline_metrics
clean_internal_protocol,strong_multimodal_fusion,strong_baseline_selected_fusion,multimodal,,breath+speech,stacked_logistic_validation,,,test,,10,95,0.8835343249964807,0.8259931029851695,0.8038337009056356,0.726457399103139,312.0,312.0,strong_baseline_metrics
clean_internal_protocol,strong_multimodal_fusion,strong_baseline_selected_fusion,multimodal,,breath+speech,validation_weighted_auprc,,,test,,11,95,0.882126601285721,0.8227755797363119,0.7973581718361409,0.7148936170212766,312.0,312.0,strong_baseline_metrics
clean_internal_protocol,strong_multimodal_fusion,strong_baseline_selected_fusion,multimodal,,breath+speech,uniform_mean,,,test,,12,95,0.8807658016986534,0.8188893095307334,0.7807704941110225,0.6942148760330579,312.0,312.0,strong_baseline_metrics
clean_internal_protocol,strong_multimodal_fusion,strong_baseline_selected_fusion,multimodal,,cough+breath,validation_weighted_auprc,,,test,,13,95,0.8758856928346863,0.8355380724039878,0.7924546009103279,0.72,312.0,312.0,strong_baseline_metrics
clean_internal_protocol,strong_multimodal_fusion,strong_baseline_selected_fusion,multimodal,,cough+breath,stacked_logistic_validation,,,test,,14,95,0.8757449204636103,0.8353179796203204,0.7986720472995167,0.7214611872146118,312.0,312.0,strong_baseline_metrics
clean_internal_protocol,strong_audio_modality,lightgbm_smote_f80,speech,,,,,,test,,15,95,0.8749537550869404,0.8082986428580385,0.7851461339252682,0.6984126984126984,314.0,314.0,strong_baseline_metrics
clean_internal_protocol,strong_multimodal_fusion,strong_baseline_selected_fusion,multimodal,,cough+breath,uniform_mean,,,test,,16,95,0.8744310450002347,0.8340769218528583,0.792665759466942,0.7192118226600985,312.0,312.0,strong_baseline_metrics
clean_internal_protocol,strong_audio_modality,top_5_validation_ensemble,speech,,,,,,test,,17,95,0.8729189789123197,0.804072783488108,0.7987421383647799,0.7172995780590717,314.0,314.0,strong_baseline_metrics
clean_internal_protocol,strong_audio_modality,lightgbm_smote_f80,cough,,,,,,test,,18,95,0.8718720087515384,0.8134984857048096,0.7656000729294863,0.6892655367231638,316.0,316.0,strong_baseline_metrics
clean_internal_protocol,strong_feature_level_fusion,svc_rbf_f60,multimodal,,cough+breath+speech,,,,test,,19,95,0.8706301909811834,0.7697904002007916,0.7900849326638825,0.7164179104477612,312.0,312.0,strong_baseline_metrics
clean_internal_protocol,strong_feature_level_fusion,lightgbm_smote_f80,multimodal,,cough+breath+speech,,,,test,,20,95,0.8695509361362677,0.8127188037032136,0.8073060860588428,0.7389162561576355,312.0,312.0,strong_baseline_metrics
clean_internal_protocol,strong_audio_modality,svc_rbf_f60,speech,,,,,,test,,21,95,0.8682944876063632,0.7903305044221889,0.8048927118017017,0.730593607305936,314.0,314.0,strong_baseline_metrics
clean_internal_protocol,strong_feature_level_fusion,xgboost_smote_f80,multimodal,,cough+breath+speech,,,,test,,22,95,0.8642954342827649,0.8167024389226203,0.787926422974051,0.7121951219512195,312.0,312.0,strong_baseline_metrics
clean_internal_protocol,strong_audio_modality,catboost_smote_f80,speech,,,,,,test,,23,95,0.8631613022567517,0.7921904327850786,0.7865797262301146,0.7033898305084746,314.0,314.0,strong_baseline_metrics
clean_internal_protocol,strong_audio_modality,top_5_validation_ensemble,cough,,,,,,test,,24,95,0.8620721090295822,0.7987847084175013,0.7682665572724372,0.6923076923076923,316.0,316.0,strong_baseline_metrics
clean_internal_protocol,strong_audio_modality,xgboost_smote_f80,speech,,,,,,test,,25,95,0.8615889752127267,0.7852510171676752,0.7938401775804662,0.711864406779661,314.0,314.0,strong_baseline_metrics
clean_internal_protocol,strong_feature_level_fusion,svc_rbf_f60,multimodal,,cough+speech,,,,test,,26,95,0.8600166481687015,0.7613691495221888,0.8019792822789493,0.7298578199052133,314.0,314.0,strong_baseline_metrics
clean_internal_protocol,strong_audio_modality,svc_rbf_f60,cough,,,,,,test,,27,95,0.8588814440038289,0.7787404894227233,0.7769497242353799,0.6901960784313725,316.0,316.0,strong_baseline_metrics
clean_internal_protocol,strong_audio_modality,random_forest_smote_f80,speech,,,,,,test,,28,95,0.8587680355160934,0.7741266251669692,0.7871346651868294,0.7020408163265306,314.0,314.0,strong_baseline_metrics
clean_internal_protocol,strong_feature_level_fusion,svc_rbf_f60,multimodal,,cough+breath,,,,test,,29,95,0.85875838768711,0.7460709766371074,0.7739195720519919,0.6915887850467289,312.0,312.0,strong_baseline_metrics
clean_internal_protocol,strong_audio_modality,random_forest_f80,speech,,,,,,test,,30,95,0.8583980762116168,0.7737071782119501,0.7954587495375509,0.7174887892376681,314.0,314.0,strong_baseline_metrics
clean_internal_protocol,strong_audio_modality,extra_trees_smote_f100,speech,,,,,,test,,31,95,0.8568257491675916,0.7603258399164576,0.7952737698853126,0.7181818181818181,314.0,314.0,strong_baseline_metrics
clean_internal_protocol,strong_feature_level_fusion,random_forest_smote_f80,multimodal,,cough+breath+speech,,,,test,,32,95,0.8552390784102107,0.7715498168650874,0.7762423161747454,0.6882591093117408,312.0,312.0,strong_baseline_metrics
clean_internal_protocol,strong_feature_level_fusion,svc_rbf_f60,multimodal,,breath+speech,,,,test,,33,95,0.8542536718126787,0.7379770559268831,0.7732860963821501,0.6926829268292682,312.0,312.0,strong_baseline_metrics
clean_internal_protocol,strong_audio_modality,optuna_validation_search,speech,,,,,,test,,34,95,0.8530799112097669,0.7643363899155196,0.7814927857935627,0.6982758620689655,314.0,314.0,strong_baseline_metrics
clean_internal_protocol,strong_audio_modality,extra_trees_f100,speech,,,,,,test,,35,95,0.8529874213836478,0.7527604559900145,0.7860247872733999,0.7048458149779736,314.0,314.0,strong_baseline_metrics
clean_internal_protocol,strong_feature_level_fusion,random_forest_f80,multimodal,,breath+speech,,,,test,,36,95,0.8520951621228474,0.740269176852076,0.7758199990615176,0.6887966804979253,312.0,312.0,strong_baseline_metrics
clean_internal_protocol,strong_feature_level_fusion,optuna_validation_search,multimodal,,cough+breath,,,,test,,37,95,0.8520951621228473,0.7423216202452105,0.7682886772089532,0.680672268907563,312.0,312.0,strong_baseline_metrics
clean_internal_protocol,strong_feature_level_fusion,lightgbm_smote_f80,multimodal,,cough+speech,,,,test,,38,95,0.8516000739918609,0.7767390451217457,0.7670181280059194,0.6764705882352942,314.0,314.0,strong_baseline_metrics
clean_internal_protocol,strong_feature_level_fusion,lightgbm_smote_f80,multimodal,,cough+breath,,,,test,,39,95,0.8511097555253155,0.783846230827425,0.787926422974051,0.7121951219512195,312.0,312.0,strong_baseline_metrics
clean_internal_protocol,strong_feature_level_fusion,xgboost_smote_f80,multimodal,,cough+breath,,,,test,,40,95,0.8506170522265497,0.778652363285449,0.7722303035990803,0.6947368421052632,312.0,312.0,strong_baseline_metrics
clean_internal_protocol,strong_feature_level_fusion,xgboost_smote_f80,multimodal,,cough+speech,,,,test,,41,95,0.8495190529041805,0.7753498912896611,0.7820477247502775,0.6970954356846473,314.0,314.0,strong_baseline_metrics
clean_internal_protocol,strong_feature_level_fusion,catboost_smote_f80,multimodal,,cough+breath+speech,,,,test,,42,95,0.8494674111960958,0.7852119130739947,0.7900849326638825,0.7164179104477612,312.0,312.0,strong_baseline_metrics
clean_internal_protocol,strong_audio_modality,catboost_smote_f80,cough,,,,,,test,,43,95,0.8493550298555085,0.7770934350980494,0.7637312548429737,0.6844919786096256,316.0,316.0,strong_baseline_metrics
clean_internal_protocol,strong_feature_level_fusion,random_forest_f80,multimodal,,cough+breath+speech,,,,test,,44,95,0.8492797147013279,0.7527680301865889,0.7753976819482896,0.6893617021276596,312.0,312.0,strong_baseline_metrics
clean_internal_protocol,strong_feature_level_fusion,random_forest_f80,multimodal,,cough+breath,,,,test,,45,95,0.8484820045985642,0.7287541739517085,0.7620243066960725,0.6719367588932806,312.0,312.0,strong_baseline_metrics
clean_internal_protocol,strong_feature_level_fusion,optuna_validation_search,multimodal,,cough+breath+speech,,,,test,,46,95,0.8482473839801041,0.7439574255874284,0.7599596452536249,0.6772486772486772,312.0,312.0,strong_baseline_metrics
clean_internal_protocol,strong_feature_level_fusion,extra_trees_f100,multimodal,,cough+breath+speech,,,,test,,47,95,0.8477312186194923,0.7314490068485071,0.7872460231805172,0.7043478260869566,312.0,312.0,strong_baseline_metrics
clean_internal_protocol,strong_audio_modality,xgboost_smote_f80,cough,,,,,,test,,48,95,0.8461643648297552,0.770884141866226,0.746661196955194,0.6593406593406593,316.0,316.0,strong_baseline_metrics
clean_internal_protocol,strong_feature_level_fusion,xgboost_smote_f80,multimodal,,breath+speech,,,,test,,49,95,0.8455492468678147,0.7616369390536574,0.7536483506170523,0.6638655462184874,312.0,312.0,strong_baseline_metrics
clean_internal_protocol,strong_feature_level_fusion,lightgbm_smote_f80,multimodal,,breath+speech,,,,test,,50,95,0.844305757589977,0.7676380254263807,0.7390080240251513,0.6470588235294118,312.0,312.0,strong_baseline_metrics
clean_internal_protocol,strong_feature_level_fusion,random_forest_smote_f80,multimodal,,breath+speech,,,,test,,51,95,0.8435549716109052,0.7391131705496602,0.7609685139130027,0.6722689075630253,312.0,312.0,strong_baseline_metrics
clean_internal_protocol,strong_feature_level_fusion,extra_trees_f100,multimodal,,cough+speech,,,,test,,52,95,0.8434147243803181,0.7324794457890927,0.7471790603033666,0.6577777777777778,314.0,314.0,strong_baseline_metrics
clean_internal_protocol,strong_feature_level_fusion,random_forest_smote_f80,multimodal,,cough+breath,,,,test,,53,95,0.8418657031579935,0.7347601333557829,0.7398526582516072,0.648,312.0,312.0,strong_baseline_metrics
clean_internal_protocol,strong_audio_modality,top_5_validation_ensemble,breath,,,,,,test,,54,95,0.8415372342921495,0.764071320665498,0.764652057622824,0.6787330316742082,312.0,312.0,strong_baseline_metrics
clean_internal_protocol,strong_feature_level_fusion,optuna_validation_search,multimodal,,cough+speech,,,,test,,55,95,0.8412874583795783,0.7335561220234385,0.766093229744728,0.6770428015564203,314.0,314.0,strong_baseline_metrics
clean_internal_protocol,strong_feature_level_fusion,catboost_smote_f80,multimodal,,cough+breath,,,,test,,56,95,0.8411618413026136,0.7639979009311186,0.7726526207123082,0.6938775510204082,312.0,312.0,strong_baseline_metrics
clean_internal_protocol,strong_feature_level_fusion,extra_trees_smote_f100,multimodal,,cough+breath+speech,,,,test,,57,95,0.8410679930552296,0.7325598508927543,0.7896156914269626,0.7074235807860262,312.0,312.0,strong_baseline_metrics
clean_internal_protocol,strong_feature_level_fusion,extra_trees_smote_f100,multimodal,,cough+speech,,,,test,,58,95,0.8391139474657788,0.7443847201436345,0.7569829818719941,0.6696035242290749,314.0,314.0,strong_baseline_metrics
clean_internal_protocol,strong_audio_modality,extra_trees_smote_f100,breath,,,,,,test,,59,95,0.8385106283140162,0.7404035740592847,0.7810285767913284,0.7014218009478673,312.0,312.0,strong_baseline_metrics
clean_internal_protocol,strong_audio_modality,random_forest_f80,cough,,,,,,test,,60,95,0.8373216646155249,0.7539714325020228,0.7406217238707324,0.6506024096385542,316.0,316.0,strong_baseline_metrics
clean_internal_protocol,strong_audio_modality,catboost_smote_f80,breath,,,,,,test,,61,95,0.8367040495518745,0.7658553206239996,0.7618600722631506,0.6759259259259259,312.0,312.0,strong_baseline_metrics
clean_internal_protocol,strong_audio_modality,random_forest_smote_f80,breath,,,,,,test,,62,95,0.8363286565623387,0.730733458111032,0.7663882501994275,0.6824644549763034,312.0,312.0,strong_baseline_metrics
clean_internal_protocol,strong_feature_level_fusion,extra_trees_smote_f100,multimodal,,breath+speech,,,,test,,63,95,0.8357890291398808,0.7148467974729937,0.7723945380320023,0.6872246696035242,312.0,312.0,strong_baseline_metrics
clean_internal_protocol,strong_feature_level_fusion,random_forest_smote_f80,multimodal,,cough+speech,,,,test,,64,95,0.835183129855716,0.7398169293400013,0.7350166481687015,0.6428571428571429,314.0,314.0,strong_baseline_metrics
clean_internal_protocol,strong_feature_level_fusion,extra_trees_f100,multimodal,,breath+speech,,,,test,,65,95,0.8351086293463469,0.7141775317098217,0.7891933743137347,0.7085201793721974,312.0,312.0,strong_baseline_metrics
clean_internal_protocol,strong_audio_modality,lightgbm_smote_f80,breath,,,,,,test,,66,95,0.834920932851579,0.7633040518760185,0.7642297405095959,0.6790697674418604,312.0,312.0,strong_baseline_metrics
clean_internal_protocol,strong_feature_level_fusion,catboost_smote_f80,multimodal,,cough+speech,,,,test,,67,95,0.8345819459859415,0.7560652406339933,0.7488438771735109,0.6587301587301587,314.0,314.0,strong_baseline_metrics
clean_internal_protocol,strong_audio_modality,logistic_l2_f80,speech,,,,,,test,,68,95,0.8341657417684055,0.7059738105082634,0.7586477987421384,0.6692913385826772,314.0,314.0,strong_baseline_metrics
clean_internal_protocol,strong_audio_modality,extra_trees_f100,breath,,,,,,test,,69,95,0.8333724367697434,0.7229993970114676,0.7668105673126555,0.6820276497695853,312.0,312.0,strong_baseline_metrics
clean_internal_protocol,strong_feature_level_fusion,catboost_smote_f80,multimodal,,breath+speech,,,,test,,70,95,0.8331847402749755,0.7434753751720946,0.764652057622824,0.6787330316742082,312.0,312.0,strong_baseline_metrics
clean_internal_protocol,strong_audio_modality,logistic_smote_f80,speech,,,,,,test,,71,95,0.8323621901590825,0.7044128728739832,0.7528209396966334,0.6638655462184874,314.0,314.0,strong_baseline_metrics
clean_internal_protocol,strong_audio_modality,random_forest_f80,breath,,,,,,test,,72,95,0.830744685842992,0.7131876303505218,0.7633851062831403,0.6798029556650246,312.0,312.0,strong_baseline_metrics
clean_internal_protocol,strong_feature_level_fusion,extra_trees_smote_f100,multimodal,,cough+breath,,,,test,,73,95,0.829735817183614,0.7077015589924457,0.7491201726807752,0.6584362139917695,312.0,312.0,strong_baseline_metrics
clean_internal_protocol,strong_feature_level_fusion,extra_trees_f100,multimodal,,cough+breath,,,,test,,74,95,0.8294777345033082,0.6976137023768423,0.7486978555675473,0.6582278481012658,312.0,312.0,strong_baseline_metrics
clean_internal_protocol,strong_audio_modality,xgboost_smote_f80,breath,,,,,,test,,75,95,0.8289381070808504,0.7431948065002367,0.7614377551499225,0.6761904761904762,312.0,312.0,strong_baseline_metrics
clean_internal_protocol,strong_feature_level_fusion,random_forest_f80,multimodal,,cough+speech,,,,test,,76,95,0.8276914539400667,0.730182756803301,0.7518960414354421,0.6636771300448431,314.0,314.0,strong_baseline_metrics
clean_internal_protocol,strong_audio_modality,random_forest_smote_f80,cough,,,,,,test,,77,95,0.826336660741146,0.7474206119745415,0.7377957062764939,0.6473029045643154,316.0,316.0,strong_baseline_metrics
clean_internal_protocol,strong_audio_modality,svc_rbf_f60,breath,,,,,,test,,78,95,0.8262399699685609,0.7005928082163924,0.7437004363943504,0.6518518518518519,312.0,312.0,strong_baseline_metrics
clean_internal_protocol,strong_audio_modality,optuna_validation_search,cough,,,,,,test,,79,95,0.823601805004786,0.7206470406993857,0.7396189434340672,0.6486486486486487,316.0,316.0,strong_baseline_metrics
clean_internal_protocol,strong_audio_modality,optuna_validation_search,breath,,,,,,test,,80,95,0.8227675848153534,0.6900268746035847,0.7366383557787058,0.6443514644351465,312.0,312.0,strong_baseline_metrics
clean_internal_protocol,strong_audio_modality,extra_trees_f100,cough,,,,,,test,,81,95,0.8222799580655453,0.7370763807643799,0.7537490314052601,0.6666666666666666,316.0,316.0,strong_baseline_metrics
clean_internal_protocol,strong_audio_modality,extra_trees_smote_f100,cough,,,,,,test,,82,95,0.8211632253065317,0.7513946751210691,0.735607821687406,0.6448979591836734,316.0,316.0,strong_baseline_metrics
clean_internal_protocol,strong_feature_level_fusion,logistic_l2_f80,multimodal,,cough+breath+speech,,,,test,,83,95,0.7995401435878184,0.666238115432515,0.7069823096053681,0.6030150753768844,312.0,312.0,strong_baseline_metrics
clean_internal_protocol,strong_audio_modality,logistic_l2_f80,cough,,,,,,test,,84,95,0.7994894935958794,0.691681125782679,0.703131409818132,0.5909090909090909,316.0,316.0,strong_baseline_metrics
clean_internal_protocol,strong_feature_level_fusion,logistic_smote_f80,multimodal,,cough+breath+speech,,,,test,,85,95,0.7982731922481348,0.6682931168421052,0.716836375580686,0.6212765957446809,312.0,312.0,strong_baseline_metrics
clean_internal_protocol,strong_feature_level_fusion,logistic_smote_f80,multimodal,,cough+speech,,,,test,,86,95,0.7969848316685164,0.6677756091839148,0.6896966333703293,0.5985401459854015,314.0,314.0,strong_baseline_metrics
clean_internal_protocol,strong_audio_modality,logistic_smote_f80,cough,,,,,,test,,87,95,0.7967546378595196,0.6901959023642109,0.688887369524591,0.5698324022346368,316.0,316.0,strong_baseline_metrics
clean_internal_protocol,strong_feature_level_fusion,logistic_l2_f80,multimodal,,cough+speech,,,,test,,88,95,0.794903810580836,0.665074473649707,0.6985756566777654,0.6053639846743295,314.0,314.0,strong_baseline_metrics
clean_internal_protocol,strong_audio_modality,logistic_l2_f80,breath,,,,,,test,,89,95,0.7819435972033222,0.6383972320464719,0.7470085871146357,0.6572769953051644,312.0,312.0,strong_baseline_metrics
clean_internal_protocol,strong_feature_level_fusion,logistic_l2_f80,multimodal,,cough+breath,,,,test,,90,95,0.7681009807141852,0.6209761956316366,0.7019848904321712,0.603448275862069,312.0,312.0,strong_baseline_metrics
clean_internal_protocol,strong_feature_level_fusion,logistic_smote_f80,multimodal,,cough+breath,,,,test,,91,95,0.7669748017455774,0.6237354452782877,0.6994040636291117,0.6,312.0,312.0,strong_baseline_metrics
clean_internal_protocol,strong_audio_modality,logistic_smote_f80,breath,,,,,,test,,92,95,0.7637839613345221,0.6274328167201121,0.7108300877481113,0.6118721461187214,312.0,312.0,strong_baseline_metrics
clean_internal_protocol,strong_feature_level_fusion,logistic_l2_f80,multimodal,,breath+speech,,,,test,,93,95,0.7579184458730234,0.6073892920519599,0.6757543052883488,0.5631067961165048,312.0,312.0,strong_baseline_metrics
clean_internal_protocol,strong_feature_level_fusion,logistic_smote_f80,multimodal,,breath+speech,,,,test,,94,95,0.7566045704096476,0.6025674021212946,0.6753319881751209,0.56,312.0,312.0,strong_baseline_metrics
clean_internal_protocol,strong_feature_level_fusion,optuna_validation_search,multimodal,,breath+speech,,,,test,,95,95,0.7476420627844775,0.5786322045462214,0.6778658908544883,0.576271186440678,312.0,312.0,strong_baseline_metrics
compare_is10_existing_participant_split,strong_multimodal_fusion,strong_baseline_selected_fusion,multimodal,,cough+speech,stacked_logistic_validation,compare_is10_top800_lightgbm,800.0,test,,1,70,0.8971050684424714,0.8627298641826996,0.824685534591195,0.7522123893805309,314.0,314.0,compare_is10_final_validation_metrics
compare_is10_existing_participant_split,strong_multimodal_fusion,strong_baseline_selected_fusion,multimodal,,cough+speech,validation_weighted_auprc,compare_is10_top800_lightgbm,800.0,test,,2,70,0.8963651498335183,0.862871041416546,0.820338512763596,0.7435897435897436,314.0,314.0,compare_is10_final_validation_metrics
compare_is10_existing_participant_split,strong_multimodal_fusion,strong_baseline_selected_fusion,multimodal,,cough+breath+speech,stacked_logistic_validation,compare_is10_top800_lightgbm,800.0,test,,3,70,0.8952184317957862,0.8531718055968112,0.8186851860541504,0.7433628318584071,312.0,312.0,compare_is10_final_validation_metrics
compare_is10_existing_participant_split,strong_multimodal_fusion,strong_baseline_selected_fusion,multimodal,,cough+speech,uniform_mean,compare_is10_top800_lightgbm,800.0,test,,4,70,0.8949315575286718,0.8615595741192886,0.8083610802811692,0.7288135593220338,314.0,314.0,compare_is10_final_validation_metrics
compare_is10_existing_participant_split,strong_multimodal_fusion,strong_baseline_selected_fusion,multimodal,,cough+breath+speech,validation_weighted_auprc,compare_is10_top800_lightgbm,800.0,test,,5,70,0.8935760874665666,0.8515286029087297,0.801886349772418,0.7217391304347827,312.0,312.0,compare_is10_final_validation_metrics
compare_is10_existing_participant_split,strong_multimodal_fusion,strong_baseline_selected_fusion,multimodal,,breath+speech,stacked_logistic_validation,compare_is10_top800_lightgbm,800.0,test,,6,70,0.8902913988081272,0.8319594876340013,0.8057810520388532,0.7314814814814815,312.0,312.0,compare_is10_final_validation_metrics
compare_is10_existing_participant_split,strong_multimodal_fusion,strong_baseline_selected_fusion,multimodal,,cough+breath+speech,uniform_mean,compare_is10_top800_lightgbm,800.0,test,,7,70,0.8900098540659752,0.8471006072858286,0.7900380085401905,0.7063829787234043,312.0,312.0,compare_is10_final_validation_metrics
compare_is10_existing_participant_split,strong_multimodal_fusion,strong_baseline_selected_fusion,multimodal,,breath+speech,validation_weighted_auprc,compare_is10_top800_lightgbm,800.0,test,,8,70,0.8885552062315237,0.8286668167011962,0.8199990615175261,0.7523809523809524,312.0,312.0,compare_is10_final_validation_metrics
compare_is10_existing_participant_split,strong_audio_modality,lightgbm_smote_f80,speech,,,,compare_is10_top800_lightgbm,800.0,test,,9,70,0.8883185349611543,0.8330769875954839,0.8090547539770625,0.7403846153846154,314.0,314.0,compare_is10_final_validation_metrics
compare_is10_existing_participant_split,strong_feature_level_fusion,lightgbm_smote_f80,multimodal,,cough+breath+speech,,compare_is10_top800_lightgbm,800.0,test,,10,70,0.887100558397072,0.8406571404242236,0.8040917835859416,0.7395833333333334,312.0,312.0,compare_is10_final_validation_metrics
compare_is10_existing_participant_split,strong_audio_modality,top_4_validation_ensemble,speech,,,,compare_is10_top800_lightgbm,800.0,test,,11,70,0.8865612282648909,0.8316510023124515,0.8117832038475767,0.7417840375586855,314.0,314.0,compare_is10_final_validation_metrics
compare_is10_existing_participant_split,strong_feature_level_fusion,lightgbm_smote_f80,multimodal,,cough+speech,,compare_is10_top800_lightgbm,800.0,test,,12,70,0.8860062893081762,0.8298155219207094,0.8184887162412134,0.7549019607843137,314.0,314.0,compare_is10_final_validation_metrics
compare_is10_existing_participant_split,strong_multimodal_fusion,strong_baseline_selected_fusion,multimodal,,breath+speech,uniform_mean,compare_is10_top800_lightgbm,800.0,test,,13,70,0.8855520623152363,0.8238021091861585,0.7943550279198537,0.7136563876651982,312.0,312.0,compare_is10_final_validation_metrics
compare_is10_existing_participant_split,strong_feature_level_fusion,xgboost_smote_f80,multimodal,,cough+breath+speech,,compare_is10_top800_lightgbm,800.0,test,,14,70,0.8854582140678524,0.836817103915041,0.815893200694477,0.7420814479638009,312.0,312.0,compare_is10_final_validation_metrics
compare_is10_existing_participant_split,strong_audio_modality,catboost_smote_f80,speech,,,,compare_is10_top800_lightgbm,800.0,test,,15,70,0.8838327783943766,0.8260584648342273,0.8127081021087681,0.7368421052631579,314.0,314.0,compare_is10_final_validation_metrics
compare_is10_existing_participant_split,strong_feature_level_fusion,svc_rbf_f60,multimodal,,cough+speech,,compare_is10_top800_lightgbm,800.0,test,,16,70,0.8836015538290788,0.8327915388943042,0.8239456159822419,0.7570093457943925,314.0,314.0,compare_is10_final_validation_metrics
compare_is10_existing_participant_split,strong_feature_level_fusion,svc_rbf_f60,multimodal,,cough+breath+speech,,compare_is10_top800_lightgbm,800.0,test,,17,70,0.8826896907700249,0.8171524791255217,0.806672610389001,0.7422680412371134,312.0,312.0,compare_is10_final_validation_metrics
compare_is10_existing_participant_split,strong_audio_modality,xgboost_smote_f80,speech,,,,compare_is10_top800_lightgbm,800.0,test,,18,70,0.8823529411764706,0.8233908090728447,0.7972623011468738,0.7230046948356808,314.0,314.0,compare_is10_final_validation_metrics
compare_is10_existing_participant_split,strong_feature_level_fusion,lightgbm_smote_f80,multimodal,,cough+breath,,compare_is10_top800_lightgbm,800.0,test,,19,70,0.8793111538642016,0.8256082040263131,0.8178405518276947,0.7476635514018691,312.0,312.0,compare_is10_final_validation_metrics
compare_is10_existing_participant_split,strong_feature_level_fusion,catboost_smote_f80,multimodal,,cough+breath+speech,,compare_is10_top800_lightgbm,800.0,test,,20,70,0.8786542161325137,0.8350085751169777,0.8227910468771996,0.7534883720930232,312.0,312.0,compare_is10_final_validation_metrics
compare_is10_existing_participant_split,strong_feature_level_fusion,xgboost_smote_f80,multimodal,,cough+speech,,compare_is10_top800_lightgbm,800.0,test,,21,70,0.8784221235664078,0.8284117891869528,0.8084998150203477,0.7437185929648241,314.0,314.0,compare_is10_final_validation_metrics
compare_is10_existing_participant_split,strong_feature_level_fusion,svc_rbf_f60,multimodal,,cough+breath,,compare_is10_top800_lightgbm,800.0,test,,22,70,0.8758387687109943,0.7820013856044264,0.7997278400825865,0.717948717948718,312.0,312.0,compare_is10_final_validation_metrics
compare_is10_existing_participant_split,strong_feature_level_fusion,lightgbm_smote_f80,multimodal,,breath+speech,,compare_is10_top800_lightgbm,800.0,test,,23,70,0.8734925625263948,0.7744033105724895,0.8001970813195063,0.7281553398058253,312.0,312.0,compare_is10_final_validation_metrics
compare_is10_existing_participant_split,strong_audio_modality,svc_rbf_f60,speech,,,,compare_is10_top800_lightgbm,800.0,test,,24,70,0.8723177950425454,0.8099032041906784,0.7901868294487606,0.7129629629629629,314.0,314.0,compare_is10_final_validation_metrics
compare_is10_existing_participant_split,strong_feature_level_fusion,xgboost_smote_f80,multimodal,,cough+breath,,compare_is10_top800_lightgbm,800.0,test,,25,70,0.8717329078879452,0.811476334721405,0.7917742011167941,0.7111111111111111,312.0,312.0,compare_is10_final_validation_metrics
compare_is10_existing_participant_split,strong_feature_level_fusion,catboost_smote_f80,multimodal,,cough+speech,,compare_is10_top800_lightgbm,800.0,test,,26,70,0.8698205697373289,0.8317399275333424,0.8202922678505364,0.7628865979381443,314.0,314.0,compare_is10_final_validation_metrics
compare_is10_existing_participant_split,strong_feature_level_fusion,catboost_smote_f80,multimodal,,cough+breath,,compare_is10_top800_lightgbm,800.0,test,,27,70,0.8691990052085777,0.8128330049944243,0.7872460231805172,0.7043478260869566,312.0,312.0,compare_is10_final_validation_metrics
compare_is10_existing_participant_split,strong_multimodal_fusion,strong_baseline_selected_fusion,multimodal,,cough+breath,validation_weighted_auprc,compare_is10_top800_lightgbm,800.0,test,,28,70,0.86795551593074,0.8167850722257708,0.7708695040120126,0.6833333333333333,312.0,312.0,compare_is10_final_validation_metrics
compare_is10_existing_participant_split,strong_multimodal_fusion,strong_baseline_selected_fusion,multimodal,,cough+breath,stacked_logistic_validation,compare_is10_top800_lightgbm,800.0,test,,29,70,0.8679555159307399,0.8165618575896898,0.759232321336399,0.6693548387096774,312.0,312.0,compare_is10_final_validation_metrics
compare_is10_existing_participant_split,strong_audio_modality,svc_rbf_f60,cough,,,,compare_is10_top800_lightgbm,800.0,test,,30,70,0.8678608870048773,0.8118821359901435,0.7952048862755823,0.7291666666666666,316.0,316.0,compare_is10_final_validation_metrics
compare_is10_existing_participant_split,strong_multimodal_fusion,strong_baseline_selected_fusion,multimodal,,cough+breath,uniform_mean,compare_is10_top800_lightgbm,800.0,test,,31,70,0.8669701093332082,0.8157527059115066,0.7708695040120126,0.6833333333333333,312.0,312.0,compare_is10_final_validation_metrics
compare_is10_existing_participant_split,strong_feature_level_fusion,catboost_smote_f80,multimodal,,breath+speech,,compare_is10_top800_lightgbm,800.0,test,,32,70,0.8652808408802966,0.7818959673694174,0.7868706301909811,0.7157894736842105,312.0,312.0,compare_is10_final_validation_metrics
compare_is10_existing_participant_split,strong_feature_level_fusion,svc_rbf_f60,multimodal,,breath+speech,,compare_is10_top800_lightgbm,800.0,test,,33,70,0.8619961522218573,0.7795346448829533,0.7635962648397541,0.6796116504854369,312.0,312.0,compare_is10_final_validation_metrics
compare_is10_existing_participant_split,strong_audio_modality,top_4_validation_ensemble,cough,,,,compare_is10_top800_lightgbm,800.0,test,,34,70,0.8615707188112495,0.8044564843076574,0.785063129586581,0.7048458149779736,316.0,316.0,compare_is10_final_validation_metrics
compare_is10_existing_participant_split,strong_feature_level_fusion,xgboost_smote_f80,multimodal,,breath+speech,,compare_is10_top800_lightgbm,800.0,test,,35,70,0.8608699732532494,0.7588620535413941,0.7852986720472994,0.70042194092827,312.0,312.0,compare_is10_final_validation_metrics
compare_is10_existing_participant_split,strong_audio_modality,lightgbm_smote_f80,cough,,,,compare_is10_top800_lightgbm,800.0,test,,36,70,0.8525001139523224,0.7966427246450765,0.7817585122384794,0.7047619047619048,316.0,316.0,compare_is10_final_validation_metrics
compare_is10_existing_participant_split,strong_audio_modality,xgboost_smote_f80,cough,,,,compare_is10_top800_lightgbm,800.0,test,,37,70,0.8499475819317198,0.7800801810630098,0.7758329914763663,0.6923076923076923,316.0,316.0,compare_is10_final_validation_metrics
compare_is10_existing_participant_split,strong_audio_modality,catboost_smote_f80,cough,,,,compare_is10_top800_lightgbm,800.0,test,,38,70,0.8494461917133872,0.7876741447387219,0.7758329914763663,0.6923076923076923,316.0,316.0,compare_is10_final_validation_metrics
compare_is10_existing_participant_split,strong_audio_modality,svc_rbf_f60,breath,,,,compare_is10_top800_lightgbm,800.0,test,,39,70,0.8288207967716203,0.6746317823909551,0.7342686875322604,0.6416666666666667,312.0,312.0,compare_is10_final_validation_metrics
compare_is10_existing_participant_split,strong_audio_modality,top_4_validation_ensemble,breath,,,,compare_is10_top800_lightgbm,800.0,test,,40,70,0.8276476936793205,0.7336234118041411,0.7446389188681901,0.6542056074766355,312.0,312.0,compare_is10_final_validation_metrics
compare_is10_existing_participant_split,strong_audio_modality,catboost_smote_f80,breath,,,,compare_is10_top800_lightgbm,800.0,test,,41,70,0.8218291023415137,0.7160761219733233,0.7304678335132091,0.6344086021505376,312.0,312.0,compare_is10_final_validation_metrics
compare_is10_existing_participant_split,strong_audio_modality,xgboost_smote_f80,breath,,,,compare_is10_top800_lightgbm,800.0,test,,42,70,0.8181690206935386,0.7104836884398434,0.7424804091783586,0.6513761467889908,312.0,312.0,compare_is10_final_validation_metrics
compare_is10_existing_participant_split,strong_audio_modality,lightgbm_smote_f80,breath,,,,compare_is10_top800_lightgbm,800.0,test,,43,70,0.811036553892356,0.709755096790551,0.7385857069119235,0.646551724137931,312.0,312.0,compare_is10_final_validation_metrics
compare_is10_existing_participant_split,strong_audio_modality,svc_rbf_f60,cough,,,,compare_is10_top800_lightgbm,800.0,test,,44,70,0.5497692814765985,0.4066206956962273,0.5114700065919578,0.2013422818791946,316.0,316.0,compare_is10_shuffle_retrain_metrics
compare_is10_existing_participant_split,strong_audio_modality,catboost_smote_f80,breath,,,,compare_is10_top800_lightgbm,800.0,test,,45,70,0.5352385238523852,0.4225718123285207,0.5346984698469848,0.4535315985130111,312.0,312.0,compare_is10_shuffle_retrain_metrics
compare_is10_existing_participant_split,strong_audio_modality,lightgbm_smote_f80,cough,,,,compare_is10_top800_lightgbm,800.0,test,,46,70,0.520457042408262,0.3947806571073701,0.5234673698088332,0.1417322834645669,316.0,316.0,compare_is10_shuffle_retrain_metrics
compare_is10_existing_participant_split,strong_audio_modality,top_4_validation_ensemble,breath,,,,compare_is10_top800_lightgbm,800.0,test,,47,70,0.517911791179118,0.3881006858942104,0.5063456345634564,0.4705882352941176,312.0,312.0,compare_is10_shuffle_retrain_metrics
compare_is10_existing_participant_split,strong_multimodal_fusion,strong_baseline_selected_fusion,multimodal,,cough+breath,stacked_logistic_validation,compare_is10_top800_lightgbm,800.0,test,,48,70,0.5175742574257426,0.3766051461783463,0.5180918091809181,0.3983050847457627,312.0,312.0,compare_is10_shuffle_retrain_metrics
compare_is10_existing_participant_split,strong_multimodal_fusion,strong_baseline_selected_fusion,multimodal,,cough+breath+speech,stacked_logistic_validation,compare_is10_top800_lightgbm,800.0,test,,49,70,0.5162466246624662,0.3740035375177444,0.5345634563456346,0.3944954128440367,312.0,312.0,compare_is10_shuffle_retrain_metrics
compare_is10_existing_participant_split,strong_multimodal_fusion,strong_baseline_selected_fusion,multimodal,,cough+breath,uniform_mean,compare_is10_top800_lightgbm,800.0,test,,50,70,0.5120387038703871,0.3882786176056455,0.5131863186318631,0.5255474452554745,312.0,312.0,compare_is10_shuffle_retrain_metrics
compare_is10_existing_participant_split,strong_multimodal_fusion,strong_baseline_selected_fusion,multimodal,,cough+breath,validation_weighted_auprc,compare_is10_top800_lightgbm,800.0,test,,51,70,0.5120387038703871,0.3882786176056455,0.5131863186318631,0.5255474452554745,312.0,312.0,compare_is10_shuffle_retrain_metrics
compare_is10_existing_participant_split,strong_audio_modality,xgboost_smote_f80,breath,,,,compare_is10_top800_lightgbm,800.0,test,,52,70,0.5119711971197118,0.3861854431144642,0.4882088208820882,0.4642857142857143,312.0,312.0,compare_is10_shuffle_retrain_metrics
compare_is10_existing_participant_split,strong_multimodal_fusion,strong_baseline_selected_fusion,multimodal,,breath+speech,stacked_logistic_validation,compare_is10_top800_lightgbm,800.0,test,,53,70,0.5096759675967597,0.3816662999209106,0.4774977497749775,0.4624277456647399,312.0,312.0,compare_is10_shuffle_retrain_metrics
compare_is10_existing_participant_split,strong_audio_modality,lightgbm_smote_f80,breath,,,,compare_is10_top800_lightgbm,800.0,test,,54,70,0.5074257425742573,0.3716067254309242,0.5050855085508551,0.4634920634920635,312.0,312.0,compare_is10_shuffle_retrain_metrics
compare_is10_existing_participant_split,strong_audio_modality,top_4_validation_ensemble,cough,,,,compare_is10_top800_lightgbm,800.0,test,,55,70,0.5066139310041748,0.3930481204070276,0.511645792133597,0.1240310077519379,316.0,316.0,compare_is10_shuffle_retrain_metrics
compare_is10_existing_participant_split,strong_audio_modality,catboost_smote_f80,cough,,,,compare_is10_top800_lightgbm,800.0,test,,56,70,0.5019116677653263,0.3886081185606452,0.5253570643814547,0.2281879194630872,316.0,316.0,compare_is10_shuffle_retrain_metrics
compare_is10_existing_participant_split,strong_audio_modality,svc_rbf_f60,breath,,,,compare_is10_top800_lightgbm,800.0,test,,57,70,0.5018001800180019,0.3541362272380642,0.4777677767776778,0.088235294117647,312.0,312.0,compare_is10_shuffle_retrain_metrics
compare_is10_existing_participant_split,strong_audio_modality,xgboost_smote_f80,cough,,,,compare_is10_top800_lightgbm,800.0,test,,58,70,0.4985937156668864,0.385252164327807,0.533618984838497,0.267515923566879,316.0,316.0,compare_is10_shuffle_retrain_metrics
compare_is10_existing_participant_split,strong_multimodal_fusion,strong_baseline_selected_fusion,multimodal,,cough+speech,stacked_logistic_validation,compare_is10_top800_lightgbm,800.0,test,,59,70,0.4945187165775401,0.3482816602796925,0.5006238859180036,0.4451827242524916,314.0,314.0,compare_is10_shuffle_retrain_metrics
compare_is10_existing_participant_split,strong_audio_modality,catboost_smote_f80,speech,,,,compare_is10_top800_lightgbm,800.0,test,,60,70,0.4897058823529412,0.341451877688563,0.5121657754010696,0.4569536423841059,314.0,314.0,compare_is10_shuffle_retrain_metrics
compare_is10_existing_participant_split,strong_multimodal_fusion,strong_baseline_selected_fusion,multimodal,,breath+speech,uniform_mean,compare_is10_top800_lightgbm,800.0,test,,61,70,0.4883888388838884,0.3611538018061301,0.472052205220522,0.4353312302839117,312.0,312.0,compare_is10_shuffle_retrain_metrics
compare_is10_existing_participant_split,strong_multimodal_fusion,strong_baseline_selected_fusion,multimodal,,breath+speech,validation_weighted_auprc,compare_is10_top800_lightgbm,800.0,test,,62,70,0.4883888388838884,0.3611538018061301,0.472052205220522,0.4353312302839117,312.0,312.0,compare_is10_shuffle_retrain_metrics
compare_is10_existing_participant_split,strong_multimodal_fusion,strong_baseline_selected_fusion,multimodal,,cough+breath+speech,uniform_mean,compare_is10_top800_lightgbm,800.0,test,,63,70,0.4879387938793879,0.3815010412280754,0.4991899189918992,0.4191176470588235,312.0,312.0,compare_is10_shuffle_retrain_metrics
compare_is10_existing_participant_split,strong_multimodal_fusion,strong_baseline_selected_fusion,multimodal,,cough+breath+speech,validation_weighted_auprc,compare_is10_top800_lightgbm,800.0,test,,64,70,0.4879387938793879,0.3815010412280754,0.4991899189918992,0.4191176470588235,312.0,312.0,compare_is10_shuffle_retrain_metrics
compare_is10_existing_participant_split,strong_audio_modality,xgboost_smote_f80,speech,,,,compare_is10_top800_lightgbm,800.0,test,,65,70,0.4864973262032085,0.341682291943211,0.4971033868092691,0.45016077170418,314.0,314.0,compare_is10_shuffle_retrain_metrics
compare_is10_existing_participant_split,strong_multimodal_fusion,strong_baseline_selected_fusion,multimodal,,cough+speech,uniform_mean,compare_is10_top800_lightgbm,800.0,test,,66,70,0.4852495543672014,0.3852989978193384,0.4977718360071301,0.4615384615384615,314.0,314.0,compare_is10_shuffle_retrain_metrics
compare_is10_existing_participant_split,strong_multimodal_fusion,strong_baseline_selected_fusion,multimodal,,cough+speech,validation_weighted_auprc,compare_is10_top800_lightgbm,800.0,test,,67,70,0.4852495543672014,0.3852989978193384,0.4977718360071301,0.4615384615384615,314.0,314.0,compare_is10_shuffle_retrain_metrics
compare_is10_existing_participant_split,strong_audio_modality,top_4_validation_ensemble,speech,,,,compare_is10_top800_lightgbm,800.0,test,,68,70,0.4787878787878787,0.3407804900235407,0.4975490196078431,0.4104477611940298,314.0,314.0,compare_is10_shuffle_retrain_metrics
compare_is10_existing_participant_split,strong_audio_modality,lightgbm_smote_f80,speech,,,,compare_is10_top800_lightgbm,800.0,test,,69,70,0.4696524064171122,0.3432053635843836,0.4855169340463457,0.2312138728323699,314.0,314.0,compare_is10_shuffle_retrain_metrics
compare_is10_existing_participant_split,strong_audio_modality,svc_rbf_f60,speech,,,,compare_is10_top800_lightgbm,800.0,test,,70,70,0.4350267379679144,0.3211020227732842,0.4785204991087344,0.2196531791907514,314.0,314.0,compare_is10_shuffle_retrain_metrics
compare_is10_temporal_early_to_late,strong_audio_modality,top_4_validation_ensemble,breath,,,,compare_is10_top800_lightgbm,800.0,test,,1,70,0.6979960317460316,0.8963711043036492,0.65625,0.7508650519031141,411.0,411.0,compare_is10_final_validation_metrics
compare_is10_temporal_early_to_late,strong_audio_modality,lightgbm_smote_f80,breath,,,,compare_is10_top800_lightgbm,800.0,test,,2,70,0.6969246031746031,0.8964775608903393,0.6511904761904761,0.7840531561461794,411.0,411.0,compare_is10_final_validation_metrics
compare_is10_temporal_early_to_late,strong_audio_modality,xgboost_smote_f80,breath,,,,compare_is10_top800_lightgbm,800.0,test,,3,70,0.6923809523809523,0.8944557353521794,0.6548214285714286,0.7653061224489796,411.0,411.0,compare_is10_final_validation_metrics
compare_is10_temporal_early_to_late,strong_audio_modality,catboost_smote_f80,breath,,,,compare_is10_top800_lightgbm,800.0,test,,4,70,0.6775793650793651,0.8885075967275078,0.6338690476190476,0.6992753623188406,411.0,411.0,compare_is10_final_validation_metrics
compare_is10_temporal_early_to_late,strong_multimodal_fusion,strong_baseline_selected_fusion,multimodal,,breath+speech,uniform_mean,compare_is10_top800_lightgbm,800.0,test,,5,70,0.6638009950248757,0.8847547856324456,0.6272636815920398,0.6886446886446886,410.0,410.0,compare_is10_final_validation_metrics
compare_is10_temporal_early_to_late,strong_audio_modality,svc_rbf_f60,breath,,,,compare_is10_top800_lightgbm,800.0,test,,6,70,0.6599404761904762,0.8947404032492976,0.6088095238095238,0.7322970639032815,411.0,411.0,compare_is10_final_validation_metrics
compare_is10_temporal_early_to_late,strong_multimodal_fusion,strong_baseline_selected_fusion,multimodal,,breath+speech,validation_weighted_auprc,compare_is10_top800_lightgbm,800.0,test,,7,70,0.6577512437810946,0.8844876428087856,0.6161194029850747,0.6801470588235294,410.0,410.0,compare_is10_final_validation_metrics
compare_is10_temporal_early_to_late,strong_multimodal_fusion,strong_baseline_selected_fusion,multimodal,,breath+speech,stacked_logistic_validation,compare_is10_top800_lightgbm,800.0,test,,8,70,0.6439402985074627,0.8796058794180575,0.598407960199005,0.6895306859205776,410.0,410.0,compare_is10_final_validation_metrics
compare_is10_temporal_early_to_late,strong_feature_level_fusion,catboost_smote_f80,multimodal,,breath+speech,,compare_is10_top800_lightgbm,800.0,test,,9,70,0.642089552238806,0.8862896124110327,0.612139303482587,0.761744966442953,410.0,410.0,compare_is10_final_validation_metrics
compare_is10_temporal_early_to_late,strong_feature_level_fusion,svc_rbf_f60,multimodal,,breath+speech,,compare_is10_top800_lightgbm,800.0,test,,10,70,0.6405572139303483,0.8741099316693222,0.6101492537313433,0.6703703703703704,410.0,410.0,compare_is10_final_validation_metrics
compare_is10_temporal_early_to_late,strong_multimodal_fusion,strong_baseline_selected_fusion,multimodal,,cough+breath+speech,uniform_mean,compare_is10_top800_lightgbm,800.0,test,,11,70,0.636103267446551,0.8697343460393892,0.5943929003630496,0.6871609403254972,409.0,409.0,compare_is10_final_validation_metrics
compare_is10_temporal_early_to_late,strong_multimodal_fusion,strong_baseline_selected_fusion,multimodal,,cough+breath+speech,validation_weighted_auprc,compare_is10_top800_lightgbm,800.0,test,,12,70,0.6353771682129891,0.8717274698958567,0.5965913674868899,0.7,409.0,409.0,compare_is10_final_validation_metrics
compare_is10_temporal_early_to_late,strong_feature_level_fusion,lightgbm_smote_f80,multimodal,,cough+breath,,compare_is10_top800_lightgbm,800.0,test,,13,70,0.632654296087132,0.8718387176576438,0.5969745865268253,0.7770491803278688,409.0,409.0,compare_is10_final_validation_metrics
compare_is10_temporal_early_to_late,strong_feature_level_fusion,xgboost_smote_f80,multimodal,,breath+speech,,compare_is10_top800_lightgbm,800.0,test,,14,70,0.6322786069651741,0.8795721167341959,0.6024875621890546,0.6159844054580896,410.0,410.0,compare_is10_final_validation_metrics
compare_is10_temporal_early_to_late,strong_multimodal_fusion,strong_baseline_selected_fusion,multimodal,,cough+breath,validation_weighted_auprc,compare_is10_top800_lightgbm,800.0,test,,15,70,0.6318676885841065,0.8656419468057494,0.600282371924163,0.7147887323943662,409.0,409.0,compare_is10_final_validation_metrics
compare_is10_temporal_early_to_late,strong_feature_level_fusion,catboost_smote_f80,multimodal,,cough+breath+speech,,compare_is10_top800_lightgbm,800.0,test,,16,70,0.6311415893505445,0.8769492098983154,0.6043565954013715,0.8019169329073482,409.0,409.0,compare_is10_final_validation_metrics
compare_is10_temporal_early_to_late,strong_feature_level_fusion,xgboost_smote_f80,multimodal,,cough+breath+speech,,compare_is10_top800_lightgbm,800.0,test,,17,70,0.6300524405002017,0.8765587914824907,0.6086123436869706,0.7001795332136446,409.0,409.0,compare_is10_final_validation_metrics
compare_is10_temporal_early_to_late,strong_multimodal_fusion,strong_baseline_selected_fusion,multimodal,,cough+breath,uniform_mean,compare_is10_top800_lightgbm,800.0,test,,18,70,0.6294070189592578,0.863846751389273,0.5987898346107301,0.7125220458553791,409.0,409.0,compare_is10_final_validation_metrics
compare_is10_temporal_early_to_late,strong_multimodal_fusion,strong_baseline_selected_fusion,multimodal,,cough+breath+speech,stacked_logistic_validation,compare_is10_top800_lightgbm,800.0,test,,19,70,0.6293263412666398,0.8718271869891181,0.582210568777733,0.7231833910034602,409.0,409.0,compare_is10_final_validation_metrics
compare_is10_temporal_early_to_late,strong_feature_level_fusion,svc_rbf_f60,multimodal,,cough+breath,,compare_is10_top800_lightgbm,800.0,test,,20,70,0.6291246470350949,0.8759186843542532,0.5879588543767649,0.6039215686274509,409.0,409.0,compare_is10_final_validation_metrics
compare_is10_temporal_early_to_late,strong_feature_level_fusion,xgboost_smote_f80,multimodal,,cough+breath,,compare_is10_top800_lightgbm,800.0,test,,21,70,0.6279548204921339,0.8629208029184308,0.577349737797499,0.6285714285714286,409.0,409.0,compare_is10_final_validation_metrics
compare_is10_temporal_early_to_late,strong_feature_level_fusion,catboost_smote_f80,multimodal,,cough+breath,,compare_is10_top800_lightgbm,800.0,test,,22,70,0.627551432029044,0.8740663710780242,0.618192819685357,0.7413793103448276,409.0,409.0,compare_is10_final_validation_metrics
compare_is10_temporal_early_to_late,strong_feature_level_fusion,lightgbm_smote_f80,multimodal,,breath+speech,,compare_is10_top800_lightgbm,800.0,test,,23,70,0.6271641791044775,0.880183236549011,0.5806965174129353,0.6985815602836879,410.0,410.0,compare_is10_final_validation_metrics
compare_is10_temporal_early_to_late,strong_multimodal_fusion,strong_baseline_selected_fusion,multimodal,,cough+breath,stacked_logistic_validation,compare_is10_top800_lightgbm,800.0,test,,24,70,0.626744655102864,0.8617469988730725,0.5972166196046793,0.7279029462738301,409.0,409.0,compare_is10_final_validation_metrics
compare_is10_temporal_early_to_late,strong_feature_level_fusion,svc_rbf_f60,multimodal,,cough+breath+speech,,compare_is10_top800_lightgbm,800.0,test,,25,70,0.626583299717628,0.8734770967729741,0.582694634933441,0.60546875,409.0,409.0,compare_is10_final_validation_metrics
compare_is10_temporal_early_to_late,strong_feature_level_fusion,lightgbm_smote_f80,multimodal,,cough+breath+speech,,compare_is10_top800_lightgbm,800.0,test,,26,70,0.6197055264219443,0.8705624344495974,0.573416700282372,0.6727272727272727,409.0,409.0,compare_is10_final_validation_metrics
compare_is10_temporal_early_to_late,strong_audio_modality,top_4_validation_ensemble,speech,,,,compare_is10_top800_lightgbm,800.0,test,,27,70,0.6162510056315367,0.8678462249718547,0.580412213155576,0.6809269162210339,416.0,416.0,compare_is10_final_validation_metrics
compare_is10_temporal_early_to_late,strong_audio_modality,catboost_smote_f80,cough,,,,compare_is10_top800_lightgbm,800.0,test,,28,70,0.6143989675516224,0.8473917443939374,0.5905604719764012,0.6936619718309859,419.0,419.0,compare_is10_final_validation_metrics
compare_is10_temporal_early_to_late,strong_audio_modality,catboost_smote_f80,speech,,,,compare_is10_top800_lightgbm,800.0,test,,29,70,0.6143738267632073,0.8661014650038903,0.5807186913381603,0.653211009174312,416.0,416.0,compare_is10_final_validation_metrics
compare_is10_temporal_early_to_late,strong_audio_modality,lightgbm_smote_f80,speech,,,,compare_is10_top800_lightgbm,800.0,test,,30,70,0.6136267861931579,0.8680441164295041,0.5995670995670995,0.7520798668885191,416.0,416.0,compare_is10_final_validation_metrics
compare_is10_temporal_early_to_late,strong_audio_modality,xgboost_smote_f80,speech,,,,compare_is10_top800_lightgbm,800.0,test,,31,70,0.611692142665594,0.8646378042682541,0.5771558824656169,0.7026086956521739,416.0,416.0,compare_is10_final_validation_metrics
compare_is10_temporal_early_to_late,strong_audio_modality,svc_rbf_f60,speech,,,,compare_is10_top800_lightgbm,800.0,test,,32,70,0.6104662299352565,0.8674831788466536,0.5898555721564571,0.6868327402135231,416.0,416.0,compare_is10_final_validation_metrics
compare_is10_temporal_early_to_late,strong_multimodal_fusion,strong_baseline_selected_fusion,multimodal,,cough+speech,stacked_logistic_validation,compare_is10_top800_lightgbm,800.0,test,,33,70,0.6073979195777054,0.8606994921137171,0.5861667442943642,0.7373737373737373,415.0,415.0,compare_is10_final_validation_metrics
compare_is10_temporal_early_to_late,strong_audio_modality,lightgbm_smote_f80,cough,,,,compare_is10_top800_lightgbm,800.0,test,,34,70,0.6037057522123893,0.8399594978611383,0.5807337758112094,0.7357859531772575,419.0,419.0,compare_is10_final_validation_metrics
compare_is10_temporal_early_to_late,strong_multimodal_fusion,strong_baseline_selected_fusion,multimodal,,cough+speech,validation_weighted_auprc,compare_is10_top800_lightgbm,800.0,test,,35,70,0.603206023909331,0.8539888552788606,0.5673226207110698,0.6445672191528545,415.0,415.0,compare_is10_final_validation_metrics
compare_is10_temporal_early_to_late,strong_audio_modality,top_4_validation_ensemble,cough,,,,compare_is10_top800_lightgbm,800.0,test,,36,70,0.6020648967551622,0.8380096665809251,0.611707227138643,0.778675282714055,419.0,419.0,compare_is10_final_validation_metrics
compare_is10_temporal_early_to_late,strong_audio_modality,xgboost_smote_f80,cough,,,,compare_is10_top800_lightgbm,800.0,test,,37,70,0.5991334808259587,0.8373134238764228,0.5792588495575222,0.7336683417085427,419.0,419.0,compare_is10_final_validation_metrics
compare_is10_temporal_early_to_late,strong_multimodal_fusion,strong_baseline_selected_fusion,multimodal,,cough+speech,uniform_mean,compare_is10_top800_lightgbm,800.0,test,,38,70,0.5990141282409563,0.8471944254196164,0.5854875019406924,0.7445742904841403,415.0,415.0,compare_is10_final_validation_metrics
compare_is10_temporal_early_to_late,strong_feature_level_fusion,svc_rbf_f60,multimodal,,cough+speech,,compare_is10_top800_lightgbm,800.0,test,,39,70,0.5902033845676138,0.8551082522295843,0.5837796925943177,0.7083333333333334,415.0,415.0,compare_is10_final_validation_metrics
compare_is10_temporal_early_to_late,strong_feature_level_fusion,catboost_smote_f80,multimodal,,cough+speech,,compare_is10_top800_lightgbm,800.0,test,,40,70,0.5754541220307405,0.8513698115005814,0.563247166589039,0.6945898778359512,415.0,415.0,compare_is10_final_validation_metrics
compare_is10_temporal_early_to_late,strong_feature_level_fusion,xgboost_smote_f80,multimodal,,cough+speech,,compare_is10_top800_lightgbm,800.0,test,,41,70,0.5678854215183978,0.8496303977979323,0.5645086166744294,0.7704654895666132,415.0,415.0,compare_is10_final_validation_metrics
compare_is10_temporal_early_to_late,strong_audio_modality,svc_rbf_f60,cough,,,,compare_is10_top800_lightgbm,800.0,test,,42,70,0.5614306784660765,0.813893159362503,0.5650811209439528,0.7937984496124031,419.0,419.0,compare_is10_final_validation_metrics
compare_is10_temporal_early_to_late,strong_feature_level_fusion,lightgbm_smote_f80,multimodal,,cough+speech,,compare_is10_top800_lightgbm,800.0,test,,43,70,0.5611318118304611,0.8403164861184079,0.5515641981058842,0.6944444444444444,415.0,415.0,compare_is10_final_validation_metrics
compare_is10_temporal_early_to_late,strong_multimodal_fusion,strong_baseline_selected_fusion,multimodal,,cough+breath,uniform_mean,compare_is10_top800_lightgbm,800.0,test,,44,70,0.5510089098532495,0.3981806132682052,0.5172824947589099,0.5286506469500925,409.0,409.0,compare_is10_shuffle_retrain_metrics
compare_is10_temporal_early_to_late,strong_multimodal_fusion,strong_baseline_selected_fusion,multimodal,,cough+breath,validation_weighted_auprc,compare_is10_top800_lightgbm,800.0,test,,45,70,0.5510089098532495,0.3981806132682052,0.5172824947589099,0.5286506469500925,409.0,409.0,compare_is10_shuffle_retrain_metrics
compare_is10_temporal_early_to_late,strong_multimodal_fusion,strong_baseline_selected_fusion,multimodal,,cough+breath+speech,uniform_mean,compare_is10_top800_lightgbm,800.0,test,,46,70,0.5492007337526206,0.3961802648459246,0.5078485324947589,0.5238095238095238,409.0,409.0,compare_is10_shuffle_retrain_metrics
compare_is10_temporal_early_to_late,strong_multimodal_fusion,strong_baseline_selected_fusion,multimodal,,cough+breath+speech,validation_weighted_auprc,compare_is10_top800_lightgbm,800.0,test,,47,70,0.5492007337526206,0.3961802648459246,0.5078485324947589,0.5238095238095238,409.0,409.0,compare_is10_shuffle_retrain_metrics
compare_is10_temporal_early_to_late,strong_audio_modality,catboost_smote_f80,breath,,,,compare_is10_top800_lightgbm,800.0,test,,48,70,0.5460461498574021,0.4177435802534041,0.5411070780399274,0.2938388625592417,411.0,411.0,compare_is10_shuffle_retrain_metrics
compare_is10_temporal_early_to_late,strong_audio_modality,xgboost_smote_f80,breath,,,,compare_is10_top800_lightgbm,800.0,test,,49,70,0.5418200674099041,0.4094293555816114,0.5101763028260307,0.4142011834319526,411.0,411.0,compare_is10_shuffle_retrain_metrics
compare_is10_temporal_early_to_late,strong_multimodal_fusion,strong_baseline_selected_fusion,multimodal,,breath+speech,uniform_mean,compare_is10_top800_lightgbm,800.0,test,,50,70,0.5408458035133377,0.4088606994774749,0.5215354586857515,0.4294117647058823,410.0,410.0,compare_is10_shuffle_retrain_metrics
compare_is10_temporal_early_to_late,strong_multimodal_fusion,strong_baseline_selected_fusion,multimodal,,breath+speech,validation_weighted_auprc,compare_is10_top800_lightgbm,800.0,test,,51,70,0.5408458035133377,0.4088606994774749,0.5215354586857515,0.4294117647058823,410.0,410.0,compare_is10_shuffle_retrain_metrics
compare_is10_temporal_early_to_late,strong_audio_modality,top_4_validation_ensemble,breath,,,,compare_is10_top800_lightgbm,800.0,test,,52,70,0.5395514648690692,0.4035660807343366,0.5423774954627949,0.334763948497854,411.0,411.0,compare_is10_shuffle_retrain_metrics
compare_is10_temporal_early_to_late,strong_audio_modality,lightgbm_smote_f80,breath,,,,compare_is10_top800_lightgbm,800.0,test,,53,70,0.5386310604096449,0.3974060861038755,0.5,0.5215827338129496,411.0,411.0,compare_is10_shuffle_retrain_metrics
compare_is10_temporal_early_to_late,strong_audio_modality,lightgbm_smote_f80,cough,,,,compare_is10_top800_lightgbm,800.0,test,,54,70,0.5315127107978858,0.3732792104070846,0.5078655927510698,0.4862579281183932,419.0,419.0,compare_is10_shuffle_retrain_metrics
compare_is10_temporal_early_to_late,strong_audio_modality,catboost_smote_f80,cough,,,,compare_is10_top800_lightgbm,800.0,test,,55,70,0.5278127359677826,0.3743880698419858,0.5149760885980367,0.5020080321285141,419.0,419.0,compare_is10_shuffle_retrain_metrics
compare_is10_temporal_early_to_late,strong_multimodal_fusion,strong_baseline_selected_fusion,multimodal,,cough+speech,stacked_logistic_validation,compare_is10_top800_lightgbm,800.0,test,,56,70,0.5259386973180078,0.3761969013268378,0.5035121328224776,0.2971887550200803,415.0,415.0,compare_is10_shuffle_retrain_metrics
compare_is10_temporal_early_to_late,strong_multimodal_fusion,strong_baseline_selected_fusion,multimodal,,cough+speech,uniform_mean,compare_is10_top800_lightgbm,800.0,test,,57,70,0.5244061302681993,0.3745599795399249,0.5157726692209451,0.5153846153846153,415.0,415.0,compare_is10_shuffle_retrain_metrics
compare_is10_temporal_early_to_late,strong_multimodal_fusion,strong_baseline_selected_fusion,multimodal,,cough+speech,validation_weighted_auprc,compare_is10_top800_lightgbm,800.0,test,,58,70,0.5244061302681993,0.3745599795399249,0.5157726692209451,0.5153846153846153,415.0,415.0,compare_is10_shuffle_retrain_metrics
compare_is10_temporal_early_to_late,strong_audio_modality,top_4_validation_ensemble,cough,,,,compare_is10_top800_lightgbm,800.0,test,,59,70,0.5238988170148502,0.3762657257514842,0.5139818776743016,0.5157699443413729,419.0,419.0,compare_is10_shuffle_retrain_metrics
compare_is10_temporal_early_to_late,strong_audio_modality,xgboost_smote_f80,cough,,,,compare_is10_top800_lightgbm,800.0,test,,60,70,0.5152403725144727,0.3665354438513406,0.4929272589982381,0.1717171717171717,419.0,419.0,compare_is10_shuffle_retrain_metrics
compare_is10_temporal_early_to_late,strong_audio_modality,xgboost_smote_f80,speech,,,,compare_is10_top800_lightgbm,800.0,test,,61,70,0.5091324200913242,0.3582630831679411,0.5141806189751396,0.5162523900573613,416.0,416.0,compare_is10_shuffle_retrain_metrics
compare_is10_temporal_early_to_late,strong_audio_modality,svc_rbf_f60,cough,,,,compare_is10_top800_lightgbm,800.0,test,,62,70,0.5059526805940097,0.3888508200643922,0.5042411276113767,0.5047438330170778,419.0,419.0,compare_is10_shuffle_retrain_metrics
compare_is10_temporal_early_to_late,strong_audio_modality,lightgbm_smote_f80,speech,,,,compare_is10_top800_lightgbm,800.0,test,,63,70,0.502105530187722,0.3616509730709588,0.504185692541857,0.5067698259187621,416.0,416.0,compare_is10_shuffle_retrain_metrics
compare_is10_temporal_early_to_late,strong_audio_modality,top_4_validation_ensemble,speech,,,,compare_is10_top800_lightgbm,800.0,test,,64,70,0.5014205986808726,0.3603828556033734,0.4987062404870623,0.5170556552962298,416.0,416.0,compare_is10_shuffle_retrain_metrics
compare_is10_temporal_early_to_late,strong_audio_modality,svc_rbf_f60,breath,,,,compare_is10_top800_lightgbm,800.0,test,,65,70,0.4960720767435831,0.3516952146514286,0.4732693803474203,0.448512585812357,411.0,411.0,compare_is10_shuffle_retrain_metrics
compare_is10_temporal_early_to_late,strong_audio_modality,catboost_smote_f80,speech,,,,compare_is10_top800_lightgbm,800.0,test,,66,70,0.493658041603247,0.3557425561869607,0.517503805175038,0.5257352941176471,416.0,416.0,compare_is10_shuffle_retrain_metrics
compare_is10_temporal_early_to_late,strong_audio_modality,svc_rbf_f60,speech,,,,compare_is10_top800_lightgbm,800.0,test,,67,70,0.4825722983257229,0.3528218470390873,0.5091577879249112,0.0869565217391304,416.0,416.0,compare_is10_shuffle_retrain_metrics
compare_is10_temporal_early_to_late,strong_multimodal_fusion,strong_baseline_selected_fusion,multimodal,,cough+breath,stacked_logistic_validation,compare_is10_top800_lightgbm,800.0,test,,68,70,0.4710036687631027,0.3705271630986222,0.467898322851153,0.4392523364485981,409.0,409.0,compare_is10_shuffle_retrain_metrics
compare_is10_temporal_early_to_late,strong_multimodal_fusion,strong_baseline_selected_fusion,multimodal,,cough+breath+speech,stacked_logistic_validation,compare_is10_top800_lightgbm,800.0,test,,69,70,0.4704533542976939,0.3699498712638306,0.4700864779874214,0.4386792452830189,409.0,409.0,compare_is10_shuffle_retrain_metrics
compare_is10_temporal_early_to_late,strong_multimodal_fusion,strong_baseline_selected_fusion,multimodal,,breath+speech,stacked_logistic_validation,compare_is10_top800_lightgbm,800.0,test,,70,70,0.4574886141834742,0.3490730126306206,0.4819128171763175,0.3154121863799283,410.0,410.0,compare_is10_shuffle_retrain_metrics
compare_is10_temporal_late_to_early,strong_audio_modality,svc_rbf_f60,cough,,,,compare_is10_top800_lightgbm,800.0,test,,1,12,0.9202898550724636,0.0294117647058823,0.786231884057971,0.0111731843575419,415.0,415.0,compare_is10_reverse_temporal_metrics
compare_is10_temporal_late_to_early,strong_audio_modality,lightgbm_smote_f80,cough,,,,compare_is10_top800_lightgbm,800.0,test,,2,12,0.8913043478260869,0.0217391304347826,0.857487922705314,0.0166666666666666,415.0,415.0,compare_is10_reverse_temporal_metrics
compare_is10_temporal_late_to_early,strong_audio_modality,catboost_smote_f80,speech,,,,compare_is10_top800_lightgbm,800.0,test,,3,12,0.8602409638554217,0.0169491525423728,0.8891566265060241,0.0212765957446808,416.0,416.0,compare_is10_reverse_temporal_metrics
compare_is10_temporal_late_to_early,strong_audio_modality,xgboost_smote_f80,speech,,,,compare_is10_top800_lightgbm,800.0,test,,4,12,0.8385542168674699,0.0147058823529411,0.8939759036144579,0.0222222222222222,416.0,416.0,compare_is10_reverse_temporal_metrics
compare_is10_temporal_late_to_early,strong_audio_modality,lightgbm_smote_f80,speech,,,,compare_is10_top800_lightgbm,800.0,test,,5,12,0.8289156626506025,0.0138888888888888,0.8939759036144579,0.0222222222222222,416.0,416.0,compare_is10_reverse_temporal_metrics
compare_is10_temporal_late_to_early,strong_audio_modality,xgboost_smote_f80,cough,,,,compare_is10_top800_lightgbm,800.0,test,,6,12,0.7850241545893719,0.0111111111111111,0.8659420289855073,0.0176991150442477,415.0,415.0,compare_is10_reverse_temporal_metrics
compare_is10_temporal_late_to_early,strong_audio_modality,catboost_smote_f80,cough,,,,compare_is10_top800_lightgbm,800.0,test,,7,12,0.7391304347826086,0.0091743119266055,0.857487922705314,0.0166666666666666,415.0,415.0,compare_is10_reverse_temporal_metrics
compare_is10_temporal_late_to_early,strong_audio_modality,lightgbm_smote_f80,breath,,,,compare_is10_top800_lightgbm,800.0,test,,8,12,0.5946601941747574,0.0059523809523809,0.3762135922330097,0.0,413.0,413.0,compare_is10_reverse_temporal_metrics
compare_is10_temporal_late_to_early,strong_audio_modality,svc_rbf_f60,speech,,,,compare_is10_top800_lightgbm,800.0,test,,9,12,0.5903614457831325,0.0058479532163742,0.3012048192771084,0.0,416.0,416.0,compare_is10_reverse_temporal_metrics
compare_is10_temporal_late_to_early,strong_audio_modality,svc_rbf_f60,breath,,,,compare_is10_top800_lightgbm,800.0,test,,10,12,0.5679611650485437,0.0055865921787709,0.3106796116504854,0.0,413.0,413.0,compare_is10_reverse_temporal_metrics
compare_is10_temporal_late_to_early,strong_audio_modality,catboost_smote_f80,breath,,,,compare_is10_top800_lightgbm,800.0,test,,11,12,0.4029126213592233,0.0040485829959514,0.3737864077669903,0.0,413.0,413.0,compare_is10_reverse_temporal_metrics
compare_is10_temporal_late_to_early,strong_audio_modality,xgboost_smote_f80,breath,,,,compare_is10_top800_lightgbm,800.0,test,,12,12,0.3883495145631068,0.0039525691699604,0.375,0.0,413.0,413.0,compare_is10_reverse_temporal_metrics
compare_is10_time_stratified_participant_split,strong_multimodal_fusion,strong_baseline_selected_fusion,multimodal,,cough+breath+speech,uniform_mean,compare_is10_top800_lightgbm,800.0,test,,1,70,0.8492605233219568,0.7829554031956836,0.7834001088193105,0.7050359712230215,431.0,431.0,compare_is10_final_validation_metrics
compare_is10_time_stratified_participant_split,strong_multimodal_fusion,strong_baseline_selected_fusion,multimodal,,cough+breath+speech,stacked_logistic_validation,compare_is10_top800_lightgbm,800.0,test,,2,70,0.8488400850769154,0.7804557486488084,0.7767843893752782,0.6947368421052632,431.0,431.0,compare_is10_final_validation_metrics
compare_is10_time_stratified_participant_split,strong_multimodal_fusion,strong_baseline_selected_fusion,multimodal,,cough+breath+speech,validation_weighted_auprc,compare_is10_top800_lightgbm,800.0,test,,3,70,0.8487658900924965,0.782537496789698,0.7576173517336895,0.6716981132075471,431.0,431.0,compare_is10_final_validation_metrics
compare_is10_time_stratified_participant_split,strong_multimodal_fusion,strong_baseline_selected_fusion,multimodal,,cough+speech,stacked_logistic_validation,compare_is10_top800_lightgbm,800.0,test,,4,70,0.8476484118827388,0.7915141240598491,0.7657221161846033,0.6846153846153846,433.0,433.0,compare_is10_final_validation_metrics
compare_is10_time_stratified_participant_split,strong_multimodal_fusion,strong_baseline_selected_fusion,multimodal,,cough+speech,uniform_mean,compare_is10_top800_lightgbm,800.0,test,,5,70,0.8474526501247982,0.7912993029966151,0.7638256741545539,0.6821705426356589,433.0,433.0,compare_is10_final_validation_metrics
compare_is10_time_stratified_participant_split,strong_multimodal_fusion,strong_baseline_selected_fusion,multimodal,,cough+speech,validation_weighted_auprc,compare_is10_top800_lightgbm,800.0,test,,6,70,0.8470611266089171,0.7906664431123619,0.7666397494249498,0.6882591093117408,433.0,433.0,compare_is10_final_validation_metrics
compare_is10_time_stratified_participant_split,strong_multimodal_fusion,strong_baseline_selected_fusion,multimodal,,breath+speech,stacked_logistic_validation,compare_is10_top800_lightgbm,800.0,test,,7,70,0.8440796608498472,0.766626498770025,0.7477817213842058,0.6586345381526104,432.0,432.0,compare_is10_final_validation_metrics
compare_is10_time_stratified_participant_split,strong_multimodal_fusion,strong_baseline_selected_fusion,multimodal,,breath+speech,uniform_mean,compare_is10_top800_lightgbm,800.0,test,,8,70,0.8438578329882678,0.7659045257401569,0.7441585329784088,0.6532258064516129,432.0,432.0,compare_is10_final_validation_metrics
compare_is10_time_stratified_participant_split,strong_audio_modality,lightgbm_smote_f80,speech,,,,compare_is10_top800_lightgbm,800.0,test,,9,70,0.8432142421655896,0.7653864069973826,0.7796366296793074,0.7,434.0,434.0,compare_is10_final_validation_metrics
compare_is10_time_stratified_participant_split,strong_audio_modality,top_4_validation_ensemble,speech,,,,compare_is10_top800_lightgbm,800.0,test,,10,70,0.8432142421655896,0.7594012055134283,0.7437019875624924,0.6530612244897959,434.0,434.0,compare_is10_final_validation_metrics
compare_is10_time_stratified_participant_split,strong_multimodal_fusion,strong_baseline_selected_fusion,multimodal,,breath+speech,validation_weighted_auprc,compare_is10_top800_lightgbm,800.0,test,,11,70,0.843118406783003,0.7652349813482227,0.7405353445726117,0.6477732793522267,432.0,432.0,compare_is10_final_validation_metrics
compare_is10_time_stratified_participant_split,strong_audio_modality,xgboost_smote_f80,speech,,,,compare_is10_top800_lightgbm,800.0,test,,12,70,0.8383124009267163,0.7475956176440179,0.7519326911352274,0.6641221374045801,434.0,434.0,compare_is10_final_validation_metrics
compare_is10_time_stratified_participant_split,strong_feature_level_fusion,svc_rbf_f60,multimodal,,cough+speech,,compare_is10_top800_lightgbm,800.0,test,,13,70,0.837370919590858,0.7648363787601833,0.7754612636421475,0.6910299003322259,433.0,433.0,compare_is10_final_validation_metrics
compare_is10_time_stratified_participant_split,strong_multimodal_fusion,strong_baseline_selected_fusion,multimodal,,cough+breath,validation_weighted_auprc,compare_is10_top800_lightgbm,800.0,test,,14,70,0.8365187713310581,0.7583868562268331,0.7516211604095564,0.6642335766423357,433.0,433.0,compare_is10_final_validation_metrics
compare_is10_time_stratified_participant_split,strong_multimodal_fusion,strong_baseline_selected_fusion,multimodal,,cough+breath,uniform_mean,compare_is10_top800_lightgbm,800.0,test,,15,70,0.8364700146270112,0.7588226820812349,0.7514627011214042,0.6642066420664207,433.0,433.0,compare_is10_final_validation_metrics
compare_is10_time_stratified_participant_split,strong_multimodal_fusion,strong_baseline_selected_fusion,multimodal,,cough+breath,stacked_logistic_validation,compare_is10_top800_lightgbm,800.0,test,,16,70,0.835787420770356,0.7574272532825266,0.7548756704046806,0.6691449814126395,433.0,433.0,compare_is10_final_validation_metrics
compare_is10_time_stratified_participant_split,strong_feature_level_fusion,svc_rbf_f60,multimodal,,cough+breath+speech,,compare_is10_top800_lightgbm,800.0,test,,17,70,0.8351634762823366,0.759803326824897,0.7473537122223871,0.6554054054054054,431.0,431.0,compare_is10_final_validation_metrics
compare_is10_time_stratified_participant_split,strong_audio_modality,catboost_smote_f80,speech,,,,compare_is10_top800_lightgbm,800.0,test,,18,70,0.8345323741007195,0.7492453665652655,0.7615778563589806,0.6707692307692308,434.0,434.0,compare_is10_final_validation_metrics
compare_is10_time_stratified_participant_split,strong_audio_modality,svc_rbf_f60,speech,,,,compare_is10_top800_lightgbm,800.0,test,,19,70,0.8316302889891476,0.74950755449028,0.7544933544689671,0.6693548387096774,434.0,434.0,compare_is10_final_validation_metrics
compare_is10_time_stratified_participant_split,strong_feature_level_fusion,svc_rbf_f60,multimodal,,breath+speech,,compare_is10_top800_lightgbm,800.0,test,,20,70,0.8297101449275364,0.7391211546220244,0.7395740905057675,0.6453900709219859,432.0,432.0,compare_is10_final_validation_metrics
compare_is10_time_stratified_participant_split,strong_audio_modality,lightgbm_smote_f80,cough,,,,compare_is10_top800_lightgbm,800.0,test,,21,70,0.8295058486512294,0.7518517397522787,0.7380162329911674,0.6459143968871596,437.0,437.0,compare_is10_final_validation_metrics
compare_is10_time_stratified_participant_split,strong_audio_modality,top_4_validation_ensemble,cough,,,,compare_is10_top800_lightgbm,800.0,test,,22,70,0.8288135593220338,0.7550456310491447,0.7459775602769158,0.6571428571428571,437.0,437.0,compare_is10_final_validation_metrics
compare_is10_time_stratified_participant_split,strong_audio_modality,xgboost_smote_f80,cough,,,,compare_is10_top800_lightgbm,800.0,test,,23,70,0.8281690140845068,0.7449824933934222,0.7264144187156839,0.6296296296296297,437.0,437.0,compare_is10_final_validation_metrics
compare_is10_time_stratified_participant_split,strong_audio_modality,catboost_smote_f80,cough,,,,compare_is10_top800_lightgbm,800.0,test,,24,70,0.8256147051802339,0.7468831652928212,0.7243256147051802,0.6259541984732825,437.0,437.0,compare_is10_final_validation_metrics
compare_is10_time_stratified_participant_split,strong_feature_level_fusion,lightgbm_smote_f80,multimodal,,cough+speech,,compare_is10_top800_lightgbm,800.0,test,,25,70,0.8231292517006803,0.7479747918636425,0.7400161503450301,0.6470588235294118,433.0,433.0,compare_is10_final_validation_metrics
compare_is10_time_stratified_participant_split,strong_feature_level_fusion,xgboost_smote_f80,multimodal,,cough+speech,,compare_is10_top800_lightgbm,800.0,test,,26,70,0.8209758723633339,0.7459395476897615,0.73706748886605,0.6428571428571429,433.0,433.0,compare_is10_final_validation_metrics
compare_is10_time_stratified_participant_split,strong_feature_level_fusion,lightgbm_smote_f80,multimodal,,cough+breath+speech,,compare_is10_top800_lightgbm,800.0,test,,27,70,0.8195330662313893,0.7577740530360113,0.7629222931196518,0.6758620689655173,431.0,431.0,compare_is10_final_validation_metrics
compare_is10_time_stratified_participant_split,strong_feature_level_fusion,catboost_smote_f80,multimodal,,cough+speech,,compare_is10_top800_lightgbm,800.0,test,,28,70,0.8184554397298487,0.7555731835791756,0.7580017618558215,0.6714801444043321,433.0,433.0,compare_is10_final_validation_metrics
compare_is10_time_stratified_participant_split,strong_feature_level_fusion,xgboost_smote_f80,multimodal,,breath+speech,,compare_is10_top800_lightgbm,800.0,test,,29,70,0.8183722764468107,0.7395027803004036,0.7440845903578823,0.6508474576271186,432.0,432.0,compare_is10_final_validation_metrics
compare_is10_time_stratified_participant_split,strong_feature_level_fusion,xgboost_smote_f80,multimodal,,cough+breath+speech,,compare_is10_top800_lightgbm,800.0,test,,30,70,0.8166641935005193,0.7522060774859163,0.7419993075134788,0.6479750778816199,431.0,431.0,compare_is10_final_validation_metrics
compare_is10_time_stratified_participant_split,strong_feature_level_fusion,catboost_smote_f80,multimodal,,cough+breath+speech,,compare_is10_top800_lightgbm,800.0,test,,31,70,0.8154028787653955,0.7542369938291171,0.7503709749220953,0.6615969581749049,431.0,431.0,compare_is10_final_validation_metrics
compare_is10_time_stratified_participant_split,strong_feature_level_fusion,lightgbm_smote_f80,multimodal,,breath+speech,,compare_is10_top800_lightgbm,800.0,test,,32,70,0.8152173913043478,0.731538019193935,0.7440845903578823,0.6508474576271186,432.0,432.0,compare_is10_final_validation_metrics
compare_is10_time_stratified_participant_split,strong_feature_level_fusion,catboost_smote_f80,multimodal,,breath+speech,,compare_is10_top800_lightgbm,800.0,test,,33,70,0.8126786946662722,0.7279895549937114,0.7393522626441882,0.6451612903225806,432.0,432.0,compare_is10_final_validation_metrics
compare_is10_time_stratified_participant_split,strong_feature_level_fusion,svc_rbf_f60,multimodal,,cough+breath,,compare_is10_top800_lightgbm,800.0,test,,34,70,0.8123842028278889,0.7135940513053497,0.7131643100926377,0.6153846153846154,433.0,433.0,compare_is10_final_validation_metrics
compare_is10_time_stratified_participant_split,strong_audio_modality,svc_rbf_f60,breath,,,,compare_is10_top800_lightgbm,800.0,test,,35,70,0.8112124282337048,0.6656631023003583,0.705311911998842,0.5984848484848485,435.0,435.0,compare_is10_final_validation_metrics
compare_is10_time_stratified_participant_split,strong_audio_modality,svc_rbf_f60,cough,,,,compare_is10_top800_lightgbm,800.0,test,,36,70,0.801814275483409,0.7204345246500724,0.7330627834805443,0.6387832699619772,437.0,437.0,compare_is10_final_validation_metrics
compare_is10_time_stratified_participant_split,strong_audio_modality,lightgbm_smote_f80,breath,,,,compare_is10_top800_lightgbm,800.0,test,,37,70,0.8016114247117286,0.6859599257075454,0.7193515704154001,0.6188679245283019,435.0,435.0,compare_is10_final_validation_metrics
compare_is10_time_stratified_participant_split,strong_audio_modality,top_4_validation_ensemble,breath,,,,compare_is10_top800_lightgbm,800.0,test,,38,70,0.7996815747575625,0.6859996308148082,0.7134172818063396,0.6132404181184669,435.0,435.0,compare_is10_final_validation_metrics
compare_is10_time_stratified_participant_split,strong_feature_level_fusion,lightgbm_smote_f80,multimodal,,cough+breath,,compare_is10_top800_lightgbm,800.0,test,,39,70,0.799390541199415,0.7111241485688913,0.7142735251097025,0.6186186186186187,433.0,433.0,compare_is10_final_validation_metrics
compare_is10_time_stratified_participant_split,strong_feature_level_fusion,xgboost_smote_f80,multimodal,,cough+breath,,compare_is10_top800_lightgbm,800.0,test,,40,70,0.7894929302779132,0.7085227919176155,0.6956606533398342,0.5994236311239193,433.0,433.0,compare_is10_final_validation_metrics
compare_is10_time_stratified_participant_split,strong_audio_modality,xgboost_smote_f80,breath,,,,compare_is10_top800_lightgbm,800.0,test,,41,70,0.7894774931249096,0.6768465986131158,0.697640758431032,0.584,435.0,435.0,compare_is10_final_validation_metrics
compare_is10_time_stratified_participant_split,strong_feature_level_fusion,catboost_smote_f80,multimodal,,cough+breath,,compare_is10_top800_lightgbm,800.0,test,,42,70,0.7889078498293516,0.7026580811539884,0.6820941004388104,0.5724137931034483,433.0,433.0,compare_is10_final_validation_metrics
compare_is10_time_stratified_participant_split,strong_audio_modality,catboost_smote_f80,breath,,,,compare_is10_top800_lightgbm,800.0,test,,43,70,0.7815892314372559,0.6701725491313736,0.6963742943986104,0.5846153846153846,435.0,435.0,compare_is10_final_validation_metrics
compare_is10_time_stratified_participant_split,strong_audio_modality,lightgbm_smote_f80,cough,,,,compare_is10_top800_lightgbm,800.0,test,,44,70,0.5365112994350283,0.3655586459343156,0.5033898305084745,0.495697074010327,439.0,439.0,compare_is10_shuffle_retrain_metrics
compare_is10_time_stratified_participant_split,strong_audio_modality,top_4_validation_ensemble,cough,,,,compare_is10_top800_lightgbm,800.0,test,,45,70,0.527542372881356,0.3668229433210205,0.5031426553672316,0.493006993006993,439.0,439.0,compare_is10_shuffle_retrain_metrics
compare_is10_time_stratified_participant_split,strong_multimodal_fusion,strong_baseline_selected_fusion,multimodal,,cough+speech,stacked_logistic_validation,compare_is10_top800_lightgbm,800.0,test,,46,70,0.5213310580204779,0.331517980428245,0.5047876374668183,0.3478260869565217,437.0,437.0,compare_is10_shuffle_retrain_metrics
compare_is10_time_stratified_participant_split,strong_audio_modality,catboost_smote_f80,cough,,,,compare_is10_top800_lightgbm,800.0,test,,47,70,0.5211158192090396,0.3710476195371581,0.501777306967985,0.0136986301369863,439.0,439.0,compare_is10_shuffle_retrain_metrics
compare_is10_time_stratified_participant_split,strong_audio_modality,xgboost_smote_f80,cough,,,,compare_is10_top800_lightgbm,800.0,test,,48,70,0.5206920903954801,0.358255703705611,0.5068973634651601,0.2125603864734299,439.0,439.0,compare_is10_shuffle_retrain_metrics
compare_is10_time_stratified_participant_split,strong_audio_modality,svc_rbf_f60,cough,,,,compare_is10_top800_lightgbm,800.0,test,,49,70,0.509063088512241,0.3701442915042863,0.5229284369114877,0.3598615916955017,439.0,439.0,compare_is10_shuffle_retrain_metrics
compare_is10_time_stratified_participant_split,strong_multimodal_fusion,strong_baseline_selected_fusion,multimodal,,cough+speech,uniform_mean,compare_is10_top800_lightgbm,800.0,test,,50,70,0.5038869927948426,0.3551015084202175,0.518202502844141,0.3440860215053763,437.0,437.0,compare_is10_shuffle_retrain_metrics
compare_is10_time_stratified_participant_split,strong_multimodal_fusion,strong_baseline_selected_fusion,multimodal,,cough+speech,validation_weighted_auprc,compare_is10_top800_lightgbm,800.0,test,,51,70,0.5038869927948426,0.3551015084202175,0.518202502844141,0.3440860215053763,437.0,437.0,compare_is10_shuffle_retrain_metrics
compare_is10_time_stratified_participant_split,strong_audio_modality,catboost_smote_f80,breath,,,,compare_is10_top800_lightgbm,800.0,test,,52,70,0.4894875478927203,0.332273793245492,0.5057950191570881,0.4495412844036697,434.0,434.0,compare_is10_shuffle_retrain_metrics
compare_is10_time_stratified_participant_split,strong_audio_modality,lightgbm_smote_f80,speech,,,,compare_is10_top800_lightgbm,800.0,test,,53,70,0.4847601441031475,0.3186132272932215,0.5,0.495697074010327,437.0,437.0,compare_is10_shuffle_retrain_metrics
compare_is10_time_stratified_participant_split,strong_audio_modality,xgboost_smote_f80,speech,,,,compare_is10_top800_lightgbm,800.0,test,,54,70,0.4847127417519908,0.3237606682428154,0.4965277777777778,0.493103448275862,437.0,437.0,compare_is10_shuffle_retrain_metrics
compare_is10_time_stratified_participant_split,strong_audio_modality,svc_rbf_f60,speech,,,,compare_is10_top800_lightgbm,800.0,test,,55,70,0.4839780053090634,0.3196765327192316,0.5102389078498294,0.5008695652173913,437.0,437.0,compare_is10_shuffle_retrain_metrics
compare_is10_time_stratified_participant_split,strong_audio_modality,top_4_validation_ensemble,speech,,,,compare_is10_top800_lightgbm,800.0,test,,56,70,0.48388320060675,0.3177114884790136,0.4965277777777778,0.493103448275862,437.0,437.0,compare_is10_shuffle_retrain_metrics
compare_is10_time_stratified_participant_split,strong_audio_modality,xgboost_smote_f80,breath,,,,compare_is10_top800_lightgbm,800.0,test,,57,70,0.4809147509578543,0.3350103261213817,0.5057231800766283,0.4449648711943794,434.0,434.0,compare_is10_shuffle_retrain_metrics
compare_is10_time_stratified_participant_split,strong_audio_modality,catboost_smote_f80,speech,,,,compare_is10_top800_lightgbm,800.0,test,,58,70,0.4790481607887751,0.3115635203107399,0.4999407470610542,0.4948096885813148,437.0,437.0,compare_is10_shuffle_retrain_metrics
compare_is10_time_stratified_participant_split,strong_audio_modality,top_4_validation_ensemble,breath,,,,compare_is10_top800_lightgbm,800.0,test,,59,70,0.4744971264367816,0.3292662688481773,0.4831896551724138,0.4235294117647059,434.0,434.0,compare_is10_shuffle_retrain_metrics
compare_is10_time_stratified_participant_split,strong_multimodal_fusion,strong_baseline_selected_fusion,multimodal,,cough+breath,uniform_mean,compare_is10_top800_lightgbm,800.0,test,,60,70,0.4699233716475096,0.3228700741100631,0.485081417624521,0.4359550561797752,434.0,434.0,compare_is10_shuffle_retrain_metrics
compare_is10_time_stratified_participant_split,strong_multimodal_fusion,strong_baseline_selected_fusion,multimodal,,cough+breath,validation_weighted_auprc,compare_is10_top800_lightgbm,800.0,test,,61,70,0.4699233716475096,0.3228700741100631,0.485081417624521,0.4359550561797752,434.0,434.0,compare_is10_shuffle_retrain_metrics
compare_is10_time_stratified_participant_split,strong_multimodal_fusion,strong_baseline_selected_fusion,multimodal,,cough+breath+speech,uniform_mean,compare_is10_top800_lightgbm,800.0,test,,62,70,0.469492337164751,0.322866649310077,0.4813697318007662,0.4154589371980676,434.0,434.0,compare_is10_shuffle_retrain_metrics
compare_is10_time_stratified_participant_split,strong_multimodal_fusion,strong_baseline_selected_fusion,multimodal,,cough+breath+speech,validation_weighted_auprc,compare_is10_top800_lightgbm,800.0,test,,63,70,0.469492337164751,0.322866649310077,0.4813697318007662,0.4154589371980676,434.0,434.0,compare_is10_shuffle_retrain_metrics
compare_is10_time_stratified_participant_split,strong_multimodal_fusion,strong_baseline_selected_fusion,multimodal,,breath+speech,stacked_logistic_validation,compare_is10_top800_lightgbm,800.0,test,,64,70,0.466044061302682,0.3221584795517284,0.4817768199233716,0.443010752688172,434.0,434.0,compare_is10_shuffle_retrain_metrics
compare_is10_time_stratified_participant_split,strong_multimodal_fusion,strong_baseline_selected_fusion,multimodal,,cough+breath+speech,stacked_logistic_validation,compare_is10_top800_lightgbm,800.0,test,,65,70,0.4658524904214559,0.3219376652133772,0.4783285440613027,0.4411134903640257,434.0,434.0,compare_is10_shuffle_retrain_metrics
compare_is10_time_stratified_participant_split,strong_audio_modality,lightgbm_smote_f80,breath,,,,compare_is10_top800_lightgbm,800.0,test,,66,70,0.465301724137931,0.3214099527219222,0.4870450191570881,0.4514767932489451,434.0,434.0,compare_is10_shuffle_retrain_metrics
compare_is10_time_stratified_participant_split,strong_multimodal_fusion,strong_baseline_selected_fusion,multimodal,,cough+breath,stacked_logistic_validation,compare_is10_top800_lightgbm,800.0,test,,67,70,0.4649425287356321,0.3210727841642088,0.4818247126436781,0.445859872611465,434.0,434.0,compare_is10_shuffle_retrain_metrics
compare_is10_time_stratified_participant_split,strong_multimodal_fusion,strong_baseline_selected_fusion,multimodal,,breath+speech,uniform_mean,compare_is10_top800_lightgbm,800.0,test,,68,70,0.4648467432950191,0.3204248964139699,0.4684626436781609,0.3227848101265823,434.0,434.0,compare_is10_shuffle_retrain_metrics
compare_is10_time_stratified_participant_split,strong_multimodal_fusion,strong_baseline_selected_fusion,multimodal,,breath+speech,validation_weighted_auprc,compare_is10_top800_lightgbm,800.0,test,,69,70,0.4648467432950191,0.3204248964139699,0.4684626436781609,0.3227848101265823,434.0,434.0,compare_is10_shuffle_retrain_metrics
compare_is10_time_stratified_participant_split,strong_audio_modality,svc_rbf_f60,breath,,,,compare_is10_top800_lightgbm,800.0,test,,70,70,0.460955459770115,0.3202214825865253,0.4752634099616858,0.460348162475822,434.0,434.0,compare_is10_shuffle_retrain_metrics
sota_internal_protocol,sota_ssl_branch,microsoft/wavlm-base-plus,cough,shallow_cough,,,,,test,,1,4,0.7897812971342384,0.7306182292276762,0.712575414781297,0.6138613861386139,310.0,310.0,sota_ssl_metrics_practical_wavlm_cough
sota_internal_protocol,sota_ssl_branch,microsoft/wavlm-base-plus,cough,heavy_cough,,,,,test,,2,4,0.7887945192623529,0.6955458555659949,0.7299985922762893,0.6355140186915887,312.0,312.0,sota_ssl_metrics_practical_wavlm_cough
sota_internal_protocol,sota_ssl_branch,microsoft/wavlm-base-plus,cough,heavy_cough,,,,,test,,3,4,0.7884660503965089,0.7034062317701324,0.7046126413589227,0.6,312.0,312.0,deep_external_wavlm_cough_metrics
sota_internal_protocol,sota_ssl_branch,microsoft/wavlm-base-plus,cough,shallow_cough,,,,,test,,4,4,0.7876131221719457,0.7315990239672899,0.7130467571644042,0.6175115207373272,310.0,310.0,deep_external_wavlm_cough_metrics
,metadata_confounding,metadata_confounding_logistic_regression,metadata,,,,full_safe_metadata,,test,full_safe_metadata,1,3,0.9638209444486256,0.9276594487348628,0.8897845011414667,0.8489054991991457,2862.0,,metadata_permutation_importance_metrics
,metadata_confounding,metadata_confounding_logistic_regression,metadata,,,,symptoms_only,,test,symptoms_only,2,3,0.93172273650937,0.8977476322248188,0.9117182208173402,0.8761904761904762,2862.0,,metadata_permutation_importance_metrics
,metadata_confounding,metadata_confounding_logistic_regression,metadata,,,,demographic_protocol_only,,test,demographic_protocol_only,3,3,0.9137823380692351,0.7370032811410646,0.8271292742279421,0.7507029053420806,2862.0,,metadata_permutation_importance_metrics
