prediction_source,evaluation_protocol,analysis_family,model_name,modality,submodality,modality_combination,fusion_method,feature_strategy,selected_feature_k,metric_split,split,analysis,n_aligned,duration_mean,duration_std,probability_duration_pearson,probability_duration_spearman
compare_is10_final_validation_predictions,compare_is10_existing_participant_split,strong_audio_modality,catboost_smote_f80,breath,deep_breath,,,compare_is10_top800_lightgbm,800.0,test,test,duration_shortcut,298,16.67239744127517,6.575681338280656,-0.2699409190223271,-0.2784679138501695
compare_is10_final_validation_predictions,compare_is10_existing_participant_split,strong_audio_modality,catboost_smote_f80,breath,deep_breath,,,compare_is10_top800_lightgbm,800.0,validation,validation,duration_shortcut,302,16.679171150662253,5.7378571341312,-0.1731788823572086,-0.16824155800084992
compare_is10_final_validation_predictions,compare_is10_existing_participant_split,strong_audio_modality,catboost_smote_f80,breath,shallow_breath,,,compare_is10_top800_lightgbm,800.0,test,test,duration_shortcut,296,10.726572846283783,4.731751957353939,0.013347033814819602,-0.005172691840117326
compare_is10_final_validation_predictions,compare_is10_existing_participant_split,strong_audio_modality,catboost_smote_f80,breath,shallow_breath,,,compare_is10_top800_lightgbm,800.0,validation,validation,duration_shortcut,297,10.394102483164984,4.999488473108608,-0.029620179555977066,-0.06692631470011014
compare_is10_final_validation_predictions,compare_is10_existing_participant_split,strong_audio_modality,catboost_smote_f80,cough,heavy_cough,,,compare_is10_top800_lightgbm,800.0,test,test,duration_shortcut,312,5.904469551282052,2.171198070230036,-0.18079415021255943,-0.16253549599299383
compare_is10_final_validation_predictions,compare_is10_existing_participant_split,strong_audio_modality,catboost_smote_f80,cough,heavy_cough,,,compare_is10_top800_lightgbm,800.0,validation,validation,duration_shortcut,305,6.005301844262295,2.156488639625109,-0.14411051863579166,-0.14424717426598505
compare_is10_final_validation_predictions,compare_is10_existing_participant_split,strong_audio_modality,catboost_smote_f80,cough,shallow_cough,,,compare_is10_top800_lightgbm,800.0,test,test,duration_shortcut,310,5.284275403225807,2.0469814119371894,-0.26214316844574487,-0.3166297705060369
compare_is10_final_validation_predictions,compare_is10_existing_participant_split,strong_audio_modality,catboost_smote_f80,cough,shallow_cough,,,compare_is10_top800_lightgbm,800.0,validation,validation,duration_shortcut,306,5.263009395424836,2.285373298858052,-0.15657070392646433,-0.19334747150140008
compare_is10_final_validation_predictions,compare_is10_existing_participant_split,strong_audio_modality,catboost_smote_f80,speech,counting_fast,,,compare_is10_top800_lightgbm,800.0,test,test,duration_shortcut,311,7.967924035369775,2.3566379561885418,0.015213994799745256,-0.08467221590270728
compare_is10_final_validation_predictions,compare_is10_existing_participant_split,strong_audio_modality,catboost_smote_f80,speech,counting_fast,,,compare_is10_top800_lightgbm,800.0,validation,validation,duration_shortcut,308,8.068978287337663,2.32110860616759,0.08508751333218624,-0.064245675042874
compare_is10_final_validation_predictions,compare_is10_existing_participant_split,strong_audio_modality,catboost_smote_f80,speech,counting_normal,,,compare_is10_top800_lightgbm,800.0,test,test,duration_shortcut,311,14.163036374598072,4.260508511630812,-0.05807680935114259,-0.054632049834066276
compare_is10_final_validation_predictions,compare_is10_existing_participant_split,strong_audio_modality,catboost_smote_f80,speech,counting_normal,,,compare_is10_top800_lightgbm,800.0,validation,validation,duration_shortcut,307,14.559037459283386,4.277978827603208,-0.013996164561833651,-0.12990149538081894
compare_is10_final_validation_predictions,compare_is10_existing_participant_split,strong_audio_modality,catboost_smote_f80,speech,vowel_a,,,compare_is10_top800_lightgbm,800.0,test,test,duration_shortcut,297,9.897281986531986,5.502839198699246,-0.23137747027705366,-0.20623838663395175
compare_is10_final_validation_predictions,compare_is10_existing_participant_split,strong_audio_modality,catboost_smote_f80,speech,vowel_a,,,compare_is10_top800_lightgbm,800.0,validation,validation,duration_shortcut,294,9.639350765306123,4.937730925428704,-0.3004684021189822,-0.31106272021229475
compare_is10_final_validation_predictions,compare_is10_existing_participant_split,strong_audio_modality,catboost_smote_f80,speech,vowel_e,,,compare_is10_top800_lightgbm,800.0,test,test,duration_shortcut,295,10.817501483050847,6.157727807469651,-0.22752334310369807,-0.21292649478291986
compare_is10_final_validation_predictions,compare_is10_existing_participant_split,strong_audio_modality,catboost_smote_f80,speech,vowel_e,,,compare_is10_top800_lightgbm,800.0,validation,validation,duration_shortcut,294,10.678389030612244,5.441409579959869,-0.2605387188210402,-0.2594658040483007
compare_is10_final_validation_predictions,compare_is10_existing_participant_split,strong_audio_modality,catboost_smote_f80,speech,vowel_o,,,compare_is10_top800_lightgbm,800.0,test,test,duration_shortcut,289,10.364101211072663,5.461551854400567,-0.23392284819148979,-0.2282124979758553
compare_is10_final_validation_predictions,compare_is10_existing_participant_split,strong_audio_modality,catboost_smote_f80,speech,vowel_o,,,compare_is10_top800_lightgbm,800.0,validation,validation,duration_shortcut,289,10.390499783737024,5.067222280510084,-0.25514158163577616,-0.24395493669123905
compare_is10_final_validation_predictions,compare_is10_existing_participant_split,strong_audio_modality,lightgbm_smote_f80,breath,deep_breath,,,compare_is10_top800_lightgbm,800.0,test,test,duration_shortcut,298,16.67239744127517,6.575681338280656,-0.2207009813396543,-0.22981282238289158
compare_is10_final_validation_predictions,compare_is10_existing_participant_split,strong_audio_modality,lightgbm_smote_f80,breath,deep_breath,,,compare_is10_top800_lightgbm,800.0,validation,validation,duration_shortcut,302,16.679171150662253,5.7378571341312,-0.1688931749612701,-0.14353744916253072
compare_is10_final_validation_predictions,compare_is10_existing_participant_split,strong_audio_modality,lightgbm_smote_f80,breath,shallow_breath,,,compare_is10_top800_lightgbm,800.0,test,test,duration_shortcut,296,10.726572846283783,4.731751957353939,0.0007090669188680121,0.0035017529632855805
compare_is10_final_validation_predictions,compare_is10_existing_participant_split,strong_audio_modality,lightgbm_smote_f80,breath,shallow_breath,,,compare_is10_top800_lightgbm,800.0,validation,validation,duration_shortcut,297,10.394102483164984,4.999488473108608,0.0035457920695520524,-0.04217436835797299
compare_is10_final_validation_predictions,compare_is10_existing_participant_split,strong_audio_modality,lightgbm_smote_f80,cough,heavy_cough,,,compare_is10_top800_lightgbm,800.0,test,test,duration_shortcut,312,5.904469551282052,2.171198070230036,-0.2050967019774335,-0.1856905266047982
compare_is10_final_validation_predictions,compare_is10_existing_participant_split,strong_audio_modality,lightgbm_smote_f80,cough,heavy_cough,,,compare_is10_top800_lightgbm,800.0,validation,validation,duration_shortcut,305,6.005301844262295,2.156488639625109,-0.13804212284694362,-0.14424802025201364
compare_is10_final_validation_predictions,compare_is10_existing_participant_split,strong_audio_modality,lightgbm_smote_f80,cough,shallow_cough,,,compare_is10_top800_lightgbm,800.0,test,test,duration_shortcut,310,5.284275403225807,2.0469814119371894,-0.24458886758679263,-0.3235640702146238
compare_is10_final_validation_predictions,compare_is10_existing_participant_split,strong_audio_modality,lightgbm_smote_f80,cough,shallow_cough,,,compare_is10_top800_lightgbm,800.0,validation,validation,duration_shortcut,306,5.263009395424836,2.285373298858052,-0.18193510379968975,-0.21434851415136055
compare_is10_final_validation_predictions,compare_is10_existing_participant_split,strong_audio_modality,lightgbm_smote_f80,speech,counting_fast,,,compare_is10_top800_lightgbm,800.0,test,test,duration_shortcut,311,7.967924035369775,2.3566379561885418,0.03645785969575578,-0.06822417956070957
compare_is10_final_validation_predictions,compare_is10_existing_participant_split,strong_audio_modality,lightgbm_smote_f80,speech,counting_fast,,,compare_is10_top800_lightgbm,800.0,validation,validation,duration_shortcut,308,8.068978287337663,2.32110860616759,0.10584786973921999,-0.061737405365313074
compare_is10_final_validation_predictions,compare_is10_existing_participant_split,strong_audio_modality,lightgbm_smote_f80,speech,counting_normal,,,compare_is10_top800_lightgbm,800.0,test,test,duration_shortcut,311,14.163036374598072,4.260508511630812,-0.0714452120713719,-0.06399281806350593
compare_is10_final_validation_predictions,compare_is10_existing_participant_split,strong_audio_modality,lightgbm_smote_f80,speech,counting_normal,,,compare_is10_top800_lightgbm,800.0,validation,validation,duration_shortcut,307,14.559037459283386,4.277978827603208,-0.014389687053619366,-0.1526258113104658
compare_is10_final_validation_predictions,compare_is10_existing_participant_split,strong_audio_modality,lightgbm_smote_f80,speech,vowel_a,,,compare_is10_top800_lightgbm,800.0,test,test,duration_shortcut,297,9.897281986531986,5.502839198699246,-0.21375631950187424,-0.1778262414889553
compare_is10_final_validation_predictions,compare_is10_existing_participant_split,strong_audio_modality,lightgbm_smote_f80,speech,vowel_a,,,compare_is10_top800_lightgbm,800.0,validation,validation,duration_shortcut,294,9.639350765306123,4.937730925428704,-0.2899411937766112,-0.3041263629763436
compare_is10_final_validation_predictions,compare_is10_existing_participant_split,strong_audio_modality,lightgbm_smote_f80,speech,vowel_e,,,compare_is10_top800_lightgbm,800.0,test,test,duration_shortcut,295,10.817501483050847,6.157727807469651,-0.24823832806428311,-0.24422116196176516
compare_is10_final_validation_predictions,compare_is10_existing_participant_split,strong_audio_modality,lightgbm_smote_f80,speech,vowel_e,,,compare_is10_top800_lightgbm,800.0,validation,validation,duration_shortcut,294,10.678389030612244,5.441409579959869,-0.30024349265230305,-0.30017976705614824
compare_is10_final_validation_predictions,compare_is10_existing_participant_split,strong_audio_modality,lightgbm_smote_f80,speech,vowel_o,,,compare_is10_top800_lightgbm,800.0,test,test,duration_shortcut,289,10.364101211072663,5.461551854400567,-0.22727198906182283,-0.23751759385864057
compare_is10_final_validation_predictions,compare_is10_existing_participant_split,strong_audio_modality,lightgbm_smote_f80,speech,vowel_o,,,compare_is10_top800_lightgbm,800.0,validation,validation,duration_shortcut,289,10.390499783737024,5.067222280510084,-0.2643512537511377,-0.263574227064768
compare_is10_final_validation_predictions,compare_is10_existing_participant_split,strong_audio_modality,svc_rbf_f60,breath,deep_breath,,,compare_is10_top800_lightgbm,800.0,test,test,duration_shortcut,298,16.67239744127517,6.575681338280656,-0.2999740727063303,-0.3009391972920797
compare_is10_final_validation_predictions,compare_is10_existing_participant_split,strong_audio_modality,svc_rbf_f60,breath,deep_breath,,,compare_is10_top800_lightgbm,800.0,validation,validation,duration_shortcut,302,16.679171150662253,5.7378571341312,-0.17988875890605383,-0.16117829294265093
compare_is10_final_validation_predictions,compare_is10_existing_participant_split,strong_audio_modality,svc_rbf_f60,breath,shallow_breath,,,compare_is10_top800_lightgbm,800.0,test,test,duration_shortcut,296,10.726572846283783,4.731751957353939,-0.01981564520343706,-0.025812326897653948
compare_is10_final_validation_predictions,compare_is10_existing_participant_split,strong_audio_modality,svc_rbf_f60,breath,shallow_breath,,,compare_is10_top800_lightgbm,800.0,validation,validation,duration_shortcut,297,10.394102483164984,4.999488473108608,-0.13710788224364576,-0.1526582093793431
compare_is10_final_validation_predictions,compare_is10_existing_participant_split,strong_audio_modality,svc_rbf_f60,cough,heavy_cough,,,compare_is10_top800_lightgbm,800.0,test,test,duration_shortcut,312,5.904469551282052,2.171198070230036,-0.2565826941097975,-0.23419746467681776
compare_is10_final_validation_predictions,compare_is10_existing_participant_split,strong_audio_modality,svc_rbf_f60,cough,heavy_cough,,,compare_is10_top800_lightgbm,800.0,validation,validation,duration_shortcut,305,6.005301844262295,2.156488639625109,-0.12208789212270817,-0.13303701340116472
compare_is10_final_validation_predictions,compare_is10_existing_participant_split,strong_audio_modality,svc_rbf_f60,cough,shallow_cough,,,compare_is10_top800_lightgbm,800.0,test,test,duration_shortcut,310,5.284275403225807,2.0469814119371894,-0.33815590273494567,-0.40170497315185566
compare_is10_final_validation_predictions,compare_is10_existing_participant_split,strong_audio_modality,svc_rbf_f60,cough,shallow_cough,,,compare_is10_top800_lightgbm,800.0,validation,validation,duration_shortcut,306,5.263009395424836,2.285373298858052,-0.21926838254271996,-0.2586020536730969
compare_is10_final_validation_predictions,compare_is10_existing_participant_split,strong_audio_modality,svc_rbf_f60,speech,counting_fast,,,compare_is10_top800_lightgbm,800.0,test,test,duration_shortcut,311,7.967924035369775,2.3566379561885418,0.011262310674646055,-0.09432232199447942
compare_is10_final_validation_predictions,compare_is10_existing_participant_split,strong_audio_modality,svc_rbf_f60,speech,counting_fast,,,compare_is10_top800_lightgbm,800.0,validation,validation,duration_shortcut,308,8.068978287337663,2.32110860616759,0.08610228821885606,-0.07269176916283272
compare_is10_final_validation_predictions,compare_is10_existing_participant_split,strong_audio_modality,svc_rbf_f60,speech,counting_normal,,,compare_is10_top800_lightgbm,800.0,test,test,duration_shortcut,311,14.163036374598072,4.260508511630812,-0.04470986963453477,-0.050770498121343786
compare_is10_final_validation_predictions,compare_is10_existing_participant_split,strong_audio_modality,svc_rbf_f60,speech,counting_normal,,,compare_is10_top800_lightgbm,800.0,validation,validation,duration_shortcut,307,14.559037459283386,4.277978827603208,-0.039910383366894106,-0.16892679883868905
compare_is10_final_validation_predictions,compare_is10_existing_participant_split,strong_audio_modality,svc_rbf_f60,speech,vowel_a,,,compare_is10_top800_lightgbm,800.0,test,test,duration_shortcut,297,9.897281986531986,5.502839198699246,-0.21414903518626763,-0.1958649492021223
compare_is10_final_validation_predictions,compare_is10_existing_participant_split,strong_audio_modality,svc_rbf_f60,speech,vowel_a,,,compare_is10_top800_lightgbm,800.0,validation,validation,duration_shortcut,294,9.639350765306123,4.937730925428704,-0.32876622629006735,-0.33672953682267875
compare_is10_final_validation_predictions,compare_is10_existing_participant_split,strong_audio_modality,svc_rbf_f60,speech,vowel_e,,,compare_is10_top800_lightgbm,800.0,test,test,duration_shortcut,295,10.817501483050847,6.157727807469651,-0.26043112019285847,-0.24495922782322313
compare_is10_final_validation_predictions,compare_is10_existing_participant_split,strong_audio_modality,svc_rbf_f60,speech,vowel_e,,,compare_is10_top800_lightgbm,800.0,validation,validation,duration_shortcut,294,10.678389030612244,5.441409579959869,-0.28038152168469743,-0.27158989106536807
compare_is10_final_validation_predictions,compare_is10_existing_participant_split,strong_audio_modality,svc_rbf_f60,speech,vowel_o,,,compare_is10_top800_lightgbm,800.0,test,test,duration_shortcut,289,10.364101211072663,5.461551854400567,-0.23178958336187774,-0.238478878475512
compare_is10_final_validation_predictions,compare_is10_existing_participant_split,strong_audio_modality,svc_rbf_f60,speech,vowel_o,,,compare_is10_top800_lightgbm,800.0,validation,validation,duration_shortcut,289,10.390499783737024,5.067222280510084,-0.270049893815994,-0.27263335197263716
compare_is10_final_validation_predictions,compare_is10_existing_participant_split,strong_audio_modality,top_4_validation_ensemble,breath,deep_breath,,,compare_is10_top800_lightgbm,800.0,test,test,duration_shortcut,298,16.67239744127517,6.575681338280656,-0.2622527390281844,-0.26289290614766436
compare_is10_final_validation_predictions,compare_is10_existing_participant_split,strong_audio_modality,top_4_validation_ensemble,breath,deep_breath,,,compare_is10_top800_lightgbm,800.0,validation,validation,duration_shortcut,302,16.679171150662253,5.7378571341312,-0.17752912604374124,-0.16058226255683739
compare_is10_final_validation_predictions,compare_is10_existing_participant_split,strong_audio_modality,top_4_validation_ensemble,breath,shallow_breath,,,compare_is10_top800_lightgbm,800.0,test,test,duration_shortcut,296,10.726572846283783,4.731751957353939,0.006986640542646625,-0.008465288233940722
compare_is10_final_validation_predictions,compare_is10_existing_participant_split,strong_audio_modality,top_4_validation_ensemble,breath,shallow_breath,,,compare_is10_top800_lightgbm,800.0,validation,validation,duration_shortcut,297,10.394102483164984,4.999488473108608,-0.042742094996466355,-0.08305808411293132
compare_is10_final_validation_predictions,compare_is10_existing_participant_split,strong_audio_modality,top_4_validation_ensemble,cough,heavy_cough,,,compare_is10_top800_lightgbm,800.0,test,test,duration_shortcut,312,5.904469551282052,2.171198070230036,-0.20957318384177367,-0.19709516060461538
compare_is10_final_validation_predictions,compare_is10_existing_participant_split,strong_audio_modality,top_4_validation_ensemble,cough,heavy_cough,,,compare_is10_top800_lightgbm,800.0,validation,validation,duration_shortcut,305,6.005301844262295,2.156488639625109,-0.1416524154495297,-0.1460176115273127
compare_is10_final_validation_predictions,compare_is10_existing_participant_split,strong_audio_modality,top_4_validation_ensemble,cough,shallow_cough,,,compare_is10_top800_lightgbm,800.0,test,test,duration_shortcut,310,5.284275403225807,2.0469814119371894,-0.2771931537983422,-0.34369407728848944
compare_is10_final_validation_predictions,compare_is10_existing_participant_split,strong_audio_modality,top_4_validation_ensemble,cough,shallow_cough,,,compare_is10_top800_lightgbm,800.0,validation,validation,duration_shortcut,306,5.263009395424836,2.285373298858052,-0.1830219512202554,-0.2231271187083762
compare_is10_final_validation_predictions,compare_is10_existing_participant_split,strong_audio_modality,top_4_validation_ensemble,speech,counting_fast,,,compare_is10_top800_lightgbm,800.0,test,test,duration_shortcut,311,7.967924035369775,2.3566379561885418,0.017555136396356225,-0.08722790415640239
compare_is10_final_validation_predictions,compare_is10_existing_participant_split,strong_audio_modality,top_4_validation_ensemble,speech,counting_fast,,,compare_is10_top800_lightgbm,800.0,validation,validation,duration_shortcut,308,8.068978287337663,2.32110860616759,0.08930401231534625,-0.07088527773606386
compare_is10_final_validation_predictions,compare_is10_existing_participant_split,strong_audio_modality,top_4_validation_ensemble,speech,counting_normal,,,compare_is10_top800_lightgbm,800.0,test,test,duration_shortcut,311,14.163036374598072,4.260508511630812,-0.05443920780972444,-0.05005277689941914
compare_is10_final_validation_predictions,compare_is10_existing_participant_split,strong_audio_modality,top_4_validation_ensemble,speech,counting_normal,,,compare_is10_top800_lightgbm,800.0,validation,validation,duration_shortcut,307,14.559037459283386,4.277978827603208,-0.022378107547241892,-0.1500310914331917
compare_is10_final_validation_predictions,compare_is10_existing_participant_split,strong_audio_modality,top_4_validation_ensemble,speech,vowel_a,,,compare_is10_top800_lightgbm,800.0,test,test,duration_shortcut,297,9.897281986531986,5.502839198699246,-0.22692108945528525,-0.19679986652067247
compare_is10_final_validation_predictions,compare_is10_existing_participant_split,strong_audio_modality,top_4_validation_ensemble,speech,vowel_a,,,compare_is10_top800_lightgbm,800.0,validation,validation,duration_shortcut,294,9.639350765306123,4.937730925428704,-0.30219059340964755,-0.31595965281182253
compare_is10_final_validation_predictions,compare_is10_existing_participant_split,strong_audio_modality,top_4_validation_ensemble,speech,vowel_e,,,compare_is10_top800_lightgbm,800.0,test,test,duration_shortcut,295,10.817501483050847,6.157727807469651,-0.2470535435283658,-0.23422226814082225
compare_is10_final_validation_predictions,compare_is10_existing_participant_split,strong_audio_modality,top_4_validation_ensemble,speech,vowel_e,,,compare_is10_top800_lightgbm,800.0,validation,validation,duration_shortcut,294,10.678389030612244,5.441409579959869,-0.28748449291644185,-0.28573135362722435
compare_is10_final_validation_predictions,compare_is10_existing_participant_split,strong_audio_modality,top_4_validation_ensemble,speech,vowel_o,,,compare_is10_top800_lightgbm,800.0,test,test,duration_shortcut,289,10.364101211072663,5.461551854400567,-0.24625777237293328,-0.24517953191429376
compare_is10_final_validation_predictions,compare_is10_existing_participant_split,strong_audio_modality,top_4_validation_ensemble,speech,vowel_o,,,compare_is10_top800_lightgbm,800.0,validation,validation,duration_shortcut,289,10.390499783737024,5.067222280510084,-0.2733207434725138,-0.2642072229120721
compare_is10_final_validation_predictions,compare_is10_existing_participant_split,strong_audio_modality,xgboost_smote_f80,breath,deep_breath,,,compare_is10_top800_lightgbm,800.0,test,test,duration_shortcut,298,16.67239744127517,6.575681338280656,-0.2404895854471757,-0.23649192835274077
compare_is10_final_validation_predictions,compare_is10_existing_participant_split,strong_audio_modality,xgboost_smote_f80,breath,deep_breath,,,compare_is10_top800_lightgbm,800.0,validation,validation,duration_shortcut,302,16.679171150662253,5.7378571341312,-0.1647177109012814,-0.15758010804408284
compare_is10_final_validation_predictions,compare_is10_existing_participant_split,strong_audio_modality,xgboost_smote_f80,breath,shallow_breath,,,compare_is10_top800_lightgbm,800.0,test,test,duration_shortcut,296,10.726572846283783,4.731751957353939,0.0269979864945474,-0.0015161541114859047
compare_is10_final_validation_predictions,compare_is10_existing_participant_split,strong_audio_modality,xgboost_smote_f80,breath,shallow_breath,,,compare_is10_top800_lightgbm,800.0,validation,validation,duration_shortcut,297,10.394102483164984,4.999488473108608,-0.03360657491949408,-0.07022587182159686
compare_is10_final_validation_predictions,compare_is10_existing_participant_split,strong_audio_modality,xgboost_smote_f80,cough,heavy_cough,,,compare_is10_top800_lightgbm,800.0,test,test,duration_shortcut,312,5.904469551282052,2.171198070230036,-0.18589325055735018,-0.17785971253307079
compare_is10_final_validation_predictions,compare_is10_existing_participant_split,strong_audio_modality,xgboost_smote_f80,cough,heavy_cough,,,compare_is10_top800_lightgbm,800.0,validation,validation,duration_shortcut,305,6.005301844262295,2.156488639625109,-0.13749309062688758,-0.14248688883700045
compare_is10_final_validation_predictions,compare_is10_existing_participant_split,strong_audio_modality,xgboost_smote_f80,cough,shallow_cough,,,compare_is10_top800_lightgbm,800.0,test,test,duration_shortcut,310,5.284275403225807,2.0469814119371894,-0.26045154012133154,-0.30893798038962694
compare_is10_final_validation_predictions,compare_is10_existing_participant_split,strong_audio_modality,xgboost_smote_f80,cough,shallow_cough,,,compare_is10_top800_lightgbm,800.0,validation,validation,duration_shortcut,306,5.263009395424836,2.285373298858052,-0.1650439788700291,-0.19608577473616712
compare_is10_final_validation_predictions,compare_is10_existing_participant_split,strong_audio_modality,xgboost_smote_f80,speech,counting_fast,,,compare_is10_top800_lightgbm,800.0,test,test,duration_shortcut,311,7.967924035369775,2.3566379561885418,-0.0016623893154560664,-0.08434298520091617
compare_is10_final_validation_predictions,compare_is10_existing_participant_split,strong_audio_modality,xgboost_smote_f80,speech,counting_fast,,,compare_is10_top800_lightgbm,800.0,validation,validation,duration_shortcut,308,8.068978287337663,2.32110860616759,0.06288173832549895,-0.0792921988509326
compare_is10_final_validation_predictions,compare_is10_existing_participant_split,strong_audio_modality,xgboost_smote_f80,speech,counting_normal,,,compare_is10_top800_lightgbm,800.0,test,test,duration_shortcut,311,14.163036374598072,4.260508511630812,-0.029457495673664003,-0.04185667785935905
compare_is10_final_validation_predictions,compare_is10_existing_participant_split,strong_audio_modality,xgboost_smote_f80,speech,counting_normal,,,compare_is10_top800_lightgbm,800.0,validation,validation,duration_shortcut,307,14.559037459283386,4.277978827603208,-0.02465226810130237,-0.1311202725867853
compare_is10_final_validation_predictions,compare_is10_existing_participant_split,strong_audio_modality,xgboost_smote_f80,speech,vowel_a,,,compare_is10_top800_lightgbm,800.0,test,test,duration_shortcut,297,9.897281986531986,5.502839198699246,-0.22007835160486391,-0.20204140513103158
compare_is10_final_validation_predictions,compare_is10_existing_participant_split,strong_audio_modality,xgboost_smote_f80,speech,vowel_a,,,compare_is10_top800_lightgbm,800.0,validation,validation,duration_shortcut,294,9.639350765306123,4.937730925428704,-0.26587054112798136,-0.28241168611681805
compare_is10_final_validation_predictions,compare_is10_existing_participant_split,strong_audio_modality,xgboost_smote_f80,speech,vowel_e,,,compare_is10_top800_lightgbm,800.0,test,test,duration_shortcut,295,10.817501483050847,6.157727807469651,-0.22742802098522977,-0.21202830053177965
compare_is10_final_validation_predictions,compare_is10_existing_participant_split,strong_audio_modality,xgboost_smote_f80,speech,vowel_e,,,compare_is10_top800_lightgbm,800.0,validation,validation,duration_shortcut,294,10.678389030612244,5.441409579959869,-0.26873782939541924,-0.2735681359377587
compare_is10_final_validation_predictions,compare_is10_existing_participant_split,strong_audio_modality,xgboost_smote_f80,speech,vowel_o,,,compare_is10_top800_lightgbm,800.0,test,test,duration_shortcut,289,10.364101211072663,5.461551854400567,-0.2631497522792597,-0.2608081752716006
compare_is10_final_validation_predictions,compare_is10_existing_participant_split,strong_audio_modality,xgboost_smote_f80,speech,vowel_o,,,compare_is10_top800_lightgbm,800.0,validation,validation,duration_shortcut,289,10.390499783737024,5.067222280510084,-0.2683185064366129,-0.2623812544902008
compare_is10_final_validation_predictions,compare_is10_temporal_early_to_late,strong_audio_modality,catboost_smote_f80,breath,deep_breath,,,compare_is10_top800_lightgbm,800.0,test,test,duration_shortcut,392,14.724866709183674,5.724369848763156,-0.14060969885995966,-0.10339949046870472
compare_is10_final_validation_predictions,compare_is10_temporal_early_to_late,strong_audio_modality,catboost_smote_f80,breath,deep_breath,,,compare_is10_top800_lightgbm,800.0,validation,validation,duration_shortcut,402,15.837174129353233,6.215333403672904,-0.18190343771872491,-0.20261379026615894
compare_is10_final_validation_predictions,compare_is10_temporal_early_to_late,strong_audio_modality,catboost_smote_f80,breath,shallow_breath,,,compare_is10_top800_lightgbm,800.0,test,test,duration_shortcut,388,10.568558956185568,5.323598489267108,0.01186151389903825,0.04582126554593689
compare_is10_final_validation_predictions,compare_is10_temporal_early_to_late,strong_audio_modality,catboost_smote_f80,breath,shallow_breath,,,compare_is10_top800_lightgbm,800.0,validation,validation,duration_shortcut,397,10.742097764483628,5.027293789852788,-0.019355910289085725,-0.031215540447507927
compare_is10_final_validation_predictions,compare_is10_temporal_early_to_late,strong_audio_modality,catboost_smote_f80,cough,heavy_cough,,,compare_is10_top800_lightgbm,800.0,test,test,duration_shortcut,409,5.390074113691933,2.2256502607692266,-0.10592362093833724,-0.09500270263576237
compare_is10_final_validation_predictions,compare_is10_temporal_early_to_late,strong_audio_modality,catboost_smote_f80,cough,heavy_cough,,,compare_is10_top800_lightgbm,800.0,validation,validation,duration_shortcut,417,6.143201738609113,3.129714127826045,-0.09819684739243568,-0.1775293924107238
compare_is10_final_validation_predictions,compare_is10_temporal_early_to_late,strong_audio_modality,catboost_smote_f80,cough,shallow_cough,,,compare_is10_top800_lightgbm,800.0,test,test,duration_shortcut,409,4.839944070904646,2.005710302283906,-0.20420244714812816,-0.26626079243603645
compare_is10_final_validation_predictions,compare_is10_temporal_early_to_late,strong_audio_modality,catboost_smote_f80,cough,shallow_cough,,,compare_is10_top800_lightgbm,800.0,validation,validation,duration_shortcut,413,5.338362742130751,2.920624405073457,-0.023258107646284075,-0.20151648202708464
compare_is10_final_validation_predictions,compare_is10_temporal_early_to_late,strong_audio_modality,catboost_smote_f80,speech,counting_fast,,,compare_is10_top800_lightgbm,800.0,test,test,duration_shortcut,407,8.67567582923833,3.2537822052649257,-0.04548633655447578,-0.08014894076914154
compare_is10_final_validation_predictions,compare_is10_temporal_early_to_late,strong_audio_modality,catboost_smote_f80,speech,counting_fast,,,compare_is10_top800_lightgbm,800.0,validation,validation,duration_shortcut,415,8.252519277108433,2.998336256557029,0.04509573811748076,-0.055020348443222955
compare_is10_final_validation_predictions,compare_is10_temporal_early_to_late,strong_audio_modality,catboost_smote_f80,speech,counting_normal,,,compare_is10_top800_lightgbm,800.0,test,test,duration_shortcut,411,15.244627737226278,5.282968069782564,0.12427473093896721,0.14261430984496173
compare_is10_final_validation_predictions,compare_is10_temporal_early_to_late,strong_audio_modality,catboost_smote_f80,speech,counting_normal,,,compare_is10_top800_lightgbm,800.0,validation,validation,duration_shortcut,417,14.091541366906474,4.651679776292589,-0.08672800083353073,-0.0887482270642223
compare_is10_final_validation_predictions,compare_is10_temporal_early_to_late,strong_audio_modality,catboost_smote_f80,speech,vowel_a,,,compare_is10_top800_lightgbm,800.0,test,test,duration_shortcut,382,9.154710242146598,5.072256165617543,-0.2807528379523323,-0.283417972205205
compare_is10_final_validation_predictions,compare_is10_temporal_early_to_late,strong_audio_modality,catboost_smote_f80,speech,vowel_a,,,compare_is10_top800_lightgbm,800.0,validation,validation,duration_shortcut,401,8.62360551745636,5.06060495589981,-0.3814279989930095,-0.4150740926670741
compare_is10_final_validation_predictions,compare_is10_temporal_early_to_late,strong_audio_modality,catboost_smote_f80,speech,vowel_e,,,compare_is10_top800_lightgbm,800.0,test,test,duration_shortcut,379,9.951368568601584,5.5186456090542615,-0.27756224165839377,-0.2947817178813314
compare_is10_final_validation_predictions,compare_is10_temporal_early_to_late,strong_audio_modality,catboost_smote_f80,speech,vowel_e,,,compare_is10_top800_lightgbm,800.0,validation,validation,duration_shortcut,395,9.320225949367089,5.742792215538498,-0.38220994944416553,-0.4724298523070505
compare_is10_final_validation_predictions,compare_is10_temporal_early_to_late,strong_audio_modality,catboost_smote_f80,speech,vowel_o,,,compare_is10_top800_lightgbm,800.0,test,test,duration_shortcut,365,9.649860787671233,5.065321633188449,-0.35666309146623226,-0.38369674452836716
compare_is10_final_validation_predictions,compare_is10_temporal_early_to_late,strong_audio_modality,catboost_smote_f80,speech,vowel_o,,,compare_is10_top800_lightgbm,800.0,validation,validation,duration_shortcut,390,8.93915592948718,5.175527750309688,-0.3272173452800842,-0.3611951548287359
compare_is10_final_validation_predictions,compare_is10_temporal_early_to_late,strong_audio_modality,lightgbm_smote_f80,breath,deep_breath,,,compare_is10_top800_lightgbm,800.0,test,test,duration_shortcut,392,14.724866709183674,5.724369848763156,-0.15875408833032847,-0.16813178215528143
compare_is10_final_validation_predictions,compare_is10_temporal_early_to_late,strong_audio_modality,lightgbm_smote_f80,breath,deep_breath,,,compare_is10_top800_lightgbm,800.0,validation,validation,duration_shortcut,402,15.837174129353233,6.215333403672904,-0.13003987430727276,-0.21531325353092104
compare_is10_final_validation_predictions,compare_is10_temporal_early_to_late,strong_audio_modality,lightgbm_smote_f80,breath,shallow_breath,,,compare_is10_top800_lightgbm,800.0,test,test,duration_shortcut,388,10.568558956185568,5.323598489267108,-0.016465851990172864,0.03670945419378823
compare_is10_final_validation_predictions,compare_is10_temporal_early_to_late,strong_audio_modality,lightgbm_smote_f80,breath,shallow_breath,,,compare_is10_top800_lightgbm,800.0,validation,validation,duration_shortcut,397,10.742097764483628,5.027293789852788,-0.04784116124457693,-0.07445671283454446
compare_is10_final_validation_predictions,compare_is10_temporal_early_to_late,strong_audio_modality,lightgbm_smote_f80,cough,heavy_cough,,,compare_is10_top800_lightgbm,800.0,test,test,duration_shortcut,409,5.390074113691933,2.2256502607692266,-0.02393598381286369,-0.09388673531618247
compare_is10_final_validation_predictions,compare_is10_temporal_early_to_late,strong_audio_modality,lightgbm_smote_f80,cough,heavy_cough,,,compare_is10_top800_lightgbm,800.0,validation,validation,duration_shortcut,417,6.143201738609113,3.129714127826045,-0.10288925216040336,-0.22504479201038957
compare_is10_final_validation_predictions,compare_is10_temporal_early_to_late,strong_audio_modality,lightgbm_smote_f80,cough,shallow_cough,,,compare_is10_top800_lightgbm,800.0,test,test,duration_shortcut,409,4.839944070904646,2.005710302283906,-0.15885478398322053,-0.19012447435175084
compare_is10_final_validation_predictions,compare_is10_temporal_early_to_late,strong_audio_modality,lightgbm_smote_f80,cough,shallow_cough,,,compare_is10_top800_lightgbm,800.0,validation,validation,duration_shortcut,413,5.338362742130751,2.920624405073457,-0.0217560593280577,-0.21977191830833673
compare_is10_final_validation_predictions,compare_is10_temporal_early_to_late,strong_audio_modality,lightgbm_smote_f80,speech,counting_fast,,,compare_is10_top800_lightgbm,800.0,test,test,duration_shortcut,407,8.67567582923833,3.2537822052649257,-0.05699999871148463,-0.07489465422410647
compare_is10_final_validation_predictions,compare_is10_temporal_early_to_late,strong_audio_modality,lightgbm_smote_f80,speech,counting_fast,,,compare_is10_top800_lightgbm,800.0,validation,validation,duration_shortcut,415,8.252519277108433,2.998336256557029,0.0710625728922318,-0.06904804914164646
compare_is10_final_validation_predictions,compare_is10_temporal_early_to_late,strong_audio_modality,lightgbm_smote_f80,speech,counting_normal,,,compare_is10_top800_lightgbm,800.0,test,test,duration_shortcut,411,15.244627737226278,5.282968069782564,0.042217877659819616,0.1282523647974407
compare_is10_final_validation_predictions,compare_is10_temporal_early_to_late,strong_audio_modality,lightgbm_smote_f80,speech,counting_normal,,,compare_is10_top800_lightgbm,800.0,validation,validation,duration_shortcut,417,14.091541366906474,4.651679776292589,-0.08618393677494159,-0.11553847408003226
compare_is10_final_validation_predictions,compare_is10_temporal_early_to_late,strong_audio_modality,lightgbm_smote_f80,speech,vowel_a,,,compare_is10_top800_lightgbm,800.0,test,test,duration_shortcut,382,9.154710242146598,5.072256165617543,-0.19295053868026713,-0.24850802785215362
compare_is10_final_validation_predictions,compare_is10_temporal_early_to_late,strong_audio_modality,lightgbm_smote_f80,speech,vowel_a,,,compare_is10_top800_lightgbm,800.0,validation,validation,duration_shortcut,401,8.62360551745636,5.06060495589981,-0.3203079817357025,-0.40634297052042073
compare_is10_final_validation_predictions,compare_is10_temporal_early_to_late,strong_audio_modality,lightgbm_smote_f80,speech,vowel_e,,,compare_is10_top800_lightgbm,800.0,test,test,duration_shortcut,379,9.951368568601584,5.5186456090542615,-0.20977256650971926,-0.2658381848968941
compare_is10_final_validation_predictions,compare_is10_temporal_early_to_late,strong_audio_modality,lightgbm_smote_f80,speech,vowel_e,,,compare_is10_top800_lightgbm,800.0,validation,validation,duration_shortcut,395,9.320225949367089,5.742792215538498,-0.28938629469086496,-0.44374219535553655
compare_is10_final_validation_predictions,compare_is10_temporal_early_to_late,strong_audio_modality,lightgbm_smote_f80,speech,vowel_o,,,compare_is10_top800_lightgbm,800.0,test,test,duration_shortcut,365,9.649860787671233,5.065321633188449,-0.29217587489212754,-0.350026823191995
compare_is10_final_validation_predictions,compare_is10_temporal_early_to_late,strong_audio_modality,lightgbm_smote_f80,speech,vowel_o,,,compare_is10_top800_lightgbm,800.0,validation,validation,duration_shortcut,390,8.93915592948718,5.175527750309688,-0.2935014606511084,-0.37903598869875654
compare_is10_final_validation_predictions,compare_is10_temporal_early_to_late,strong_audio_modality,svc_rbf_f60,breath,deep_breath,,,compare_is10_top800_lightgbm,800.0,test,test,duration_shortcut,392,14.724866709183674,5.724369848763156,-0.2540004909166677,-0.24728361613644428
compare_is10_final_validation_predictions,compare_is10_temporal_early_to_late,strong_audio_modality,svc_rbf_f60,breath,deep_breath,,,compare_is10_top800_lightgbm,800.0,validation,validation,duration_shortcut,402,15.837174129353233,6.215333403672904,-0.16470049851392435,-0.20885347447652267
compare_is10_final_validation_predictions,compare_is10_temporal_early_to_late,strong_audio_modality,svc_rbf_f60,breath,shallow_breath,,,compare_is10_top800_lightgbm,800.0,test,test,duration_shortcut,388,10.568558956185568,5.323598489267108,-0.001301895156708778,-0.024881336720140115
compare_is10_final_validation_predictions,compare_is10_temporal_early_to_late,strong_audio_modality,svc_rbf_f60,breath,shallow_breath,,,compare_is10_top800_lightgbm,800.0,validation,validation,duration_shortcut,397,10.742097764483628,5.027293789852788,-0.11413359226853573,-0.09722861935286359
compare_is10_final_validation_predictions,compare_is10_temporal_early_to_late,strong_audio_modality,svc_rbf_f60,cough,heavy_cough,,,compare_is10_top800_lightgbm,800.0,test,test,duration_shortcut,409,5.390074113691933,2.2256502607692266,-0.10233905464245142,-0.10566863968114856
compare_is10_final_validation_predictions,compare_is10_temporal_early_to_late,strong_audio_modality,svc_rbf_f60,cough,heavy_cough,,,compare_is10_top800_lightgbm,800.0,validation,validation,duration_shortcut,417,6.143201738609113,3.129714127826045,-0.1049739076357371,-0.1699681626689497
compare_is10_final_validation_predictions,compare_is10_temporal_early_to_late,strong_audio_modality,svc_rbf_f60,cough,shallow_cough,,,compare_is10_top800_lightgbm,800.0,test,test,duration_shortcut,409,4.839944070904646,2.005710302283906,-0.19077871425766535,-0.2235740702638125
compare_is10_final_validation_predictions,compare_is10_temporal_early_to_late,strong_audio_modality,svc_rbf_f60,cough,shallow_cough,,,compare_is10_top800_lightgbm,800.0,validation,validation,duration_shortcut,413,5.338362742130751,2.920624405073457,-0.11328407659189742,-0.23112910355022903
compare_is10_final_validation_predictions,compare_is10_temporal_early_to_late,strong_audio_modality,svc_rbf_f60,speech,counting_fast,,,compare_is10_top800_lightgbm,800.0,test,test,duration_shortcut,407,8.67567582923833,3.2537822052649257,0.0024989210857567536,-0.0517534566639535
compare_is10_final_validation_predictions,compare_is10_temporal_early_to_late,strong_audio_modality,svc_rbf_f60,speech,counting_fast,,,compare_is10_top800_lightgbm,800.0,validation,validation,duration_shortcut,415,8.252519277108433,2.998336256557029,-0.023418646797957535,-0.09790788603156059
compare_is10_final_validation_predictions,compare_is10_temporal_early_to_late,strong_audio_modality,svc_rbf_f60,speech,counting_normal,,,compare_is10_top800_lightgbm,800.0,test,test,duration_shortcut,411,15.244627737226278,5.282968069782564,-0.08629592012274018,-0.06980056923546823
compare_is10_final_validation_predictions,compare_is10_temporal_early_to_late,strong_audio_modality,svc_rbf_f60,speech,counting_normal,,,compare_is10_top800_lightgbm,800.0,validation,validation,duration_shortcut,417,14.091541366906474,4.651679776292589,-0.17366542152573314,-0.19703236425533577
compare_is10_final_validation_predictions,compare_is10_temporal_early_to_late,strong_audio_modality,svc_rbf_f60,speech,vowel_a,,,compare_is10_top800_lightgbm,800.0,test,test,duration_shortcut,382,9.154710242146598,5.072256165617543,-0.1606019185564841,-0.1446798063490355
compare_is10_final_validation_predictions,compare_is10_temporal_early_to_late,strong_audio_modality,svc_rbf_f60,speech,vowel_a,,,compare_is10_top800_lightgbm,800.0,validation,validation,duration_shortcut,401,8.62360551745636,5.06060495589981,-0.29491556147653636,-0.34176646404708466
compare_is10_final_validation_predictions,compare_is10_temporal_early_to_late,strong_audio_modality,svc_rbf_f60,speech,vowel_e,,,compare_is10_top800_lightgbm,800.0,test,test,duration_shortcut,379,9.951368568601584,5.5186456090542615,-0.24542345489789394,-0.30289407048359335
compare_is10_final_validation_predictions,compare_is10_temporal_early_to_late,strong_audio_modality,svc_rbf_f60,speech,vowel_e,,,compare_is10_top800_lightgbm,800.0,validation,validation,duration_shortcut,395,9.320225949367089,5.742792215538498,-0.2573068326685584,-0.3024219520525982
compare_is10_final_validation_predictions,compare_is10_temporal_early_to_late,strong_audio_modality,svc_rbf_f60,speech,vowel_o,,,compare_is10_top800_lightgbm,800.0,test,test,duration_shortcut,365,9.649860787671233,5.065321633188449,-0.3142763035392886,-0.3211570086001858
compare_is10_final_validation_predictions,compare_is10_temporal_early_to_late,strong_audio_modality,svc_rbf_f60,speech,vowel_o,,,compare_is10_top800_lightgbm,800.0,validation,validation,duration_shortcut,390,8.93915592948718,5.175527750309688,-0.22891931947313213,-0.2667964991450093
compare_is10_final_validation_predictions,compare_is10_temporal_early_to_late,strong_audio_modality,top_4_validation_ensemble,breath,deep_breath,,,compare_is10_top800_lightgbm,800.0,test,test,duration_shortcut,392,14.724866709183674,5.724369848763156,-0.18211076844216775,-0.17961107924151035
compare_is10_final_validation_predictions,compare_is10_temporal_early_to_late,strong_audio_modality,top_4_validation_ensemble,breath,deep_breath,,,compare_is10_top800_lightgbm,800.0,validation,validation,duration_shortcut,402,15.837174129353233,6.215333403672904,-0.17403667455538904,-0.22664098006735608
compare_is10_final_validation_predictions,compare_is10_temporal_early_to_late,strong_audio_modality,top_4_validation_ensemble,breath,shallow_breath,,,compare_is10_top800_lightgbm,800.0,test,test,duration_shortcut,388,10.568558956185568,5.323598489267108,0.01999634946931547,0.04491814121346319
compare_is10_final_validation_predictions,compare_is10_temporal_early_to_late,strong_audio_modality,top_4_validation_ensemble,breath,shallow_breath,,,compare_is10_top800_lightgbm,800.0,validation,validation,duration_shortcut,397,10.742097764483628,5.027293789852788,-0.03546502466913321,-0.03481719710888299
compare_is10_final_validation_predictions,compare_is10_temporal_early_to_late,strong_audio_modality,top_4_validation_ensemble,cough,heavy_cough,,,compare_is10_top800_lightgbm,800.0,test,test,duration_shortcut,409,5.390074113691933,2.2256502607692266,-0.08484970978093544,-0.11530685372685905
compare_is10_final_validation_predictions,compare_is10_temporal_early_to_late,strong_audio_modality,top_4_validation_ensemble,cough,heavy_cough,,,compare_is10_top800_lightgbm,800.0,validation,validation,duration_shortcut,417,6.143201738609113,3.129714127826045,-0.10064568763646652,-0.19016926012824967
compare_is10_final_validation_predictions,compare_is10_temporal_early_to_late,strong_audio_modality,top_4_validation_ensemble,cough,shallow_cough,,,compare_is10_top800_lightgbm,800.0,test,test,duration_shortcut,409,4.839944070904646,2.005710302283906,-0.20922452707376196,-0.26828148138173763
compare_is10_final_validation_predictions,compare_is10_temporal_early_to_late,strong_audio_modality,top_4_validation_ensemble,cough,shallow_cough,,,compare_is10_top800_lightgbm,800.0,validation,validation,duration_shortcut,413,5.338362742130751,2.920624405073457,-0.03453308616521927,-0.22015822581828962
compare_is10_final_validation_predictions,compare_is10_temporal_early_to_late,strong_audio_modality,top_4_validation_ensemble,speech,counting_fast,,,compare_is10_top800_lightgbm,800.0,test,test,duration_shortcut,407,8.67567582923833,3.2537822052649257,-0.04625097528076412,-0.08270879855664921
compare_is10_final_validation_predictions,compare_is10_temporal_early_to_late,strong_audio_modality,top_4_validation_ensemble,speech,counting_fast,,,compare_is10_top800_lightgbm,800.0,validation,validation,duration_shortcut,415,8.252519277108433,2.998336256557029,0.04265519644232942,-0.078189746121126
compare_is10_final_validation_predictions,compare_is10_temporal_early_to_late,strong_audio_modality,top_4_validation_ensemble,speech,counting_normal,,,compare_is10_top800_lightgbm,800.0,test,test,duration_shortcut,411,15.244627737226278,5.282968069782564,0.1067495354189657,0.13721975375199347
compare_is10_final_validation_predictions,compare_is10_temporal_early_to_late,strong_audio_modality,top_4_validation_ensemble,speech,counting_normal,,,compare_is10_top800_lightgbm,800.0,validation,validation,duration_shortcut,417,14.091541366906474,4.651679776292589,-0.1003669220121094,-0.11694603074879598
compare_is10_final_validation_predictions,compare_is10_temporal_early_to_late,strong_audio_modality,top_4_validation_ensemble,speech,vowel_a,,,compare_is10_top800_lightgbm,800.0,test,test,duration_shortcut,382,9.154710242146598,5.072256165617543,-0.2464848471554311,-0.25499655886782563
compare_is10_final_validation_predictions,compare_is10_temporal_early_to_late,strong_audio_modality,top_4_validation_ensemble,speech,vowel_a,,,compare_is10_top800_lightgbm,800.0,validation,validation,duration_shortcut,401,8.62360551745636,5.06060495589981,-0.38168647741471395,-0.4111292312060702
compare_is10_final_validation_predictions,compare_is10_temporal_early_to_late,strong_audio_modality,top_4_validation_ensemble,speech,vowel_e,,,compare_is10_top800_lightgbm,800.0,test,test,duration_shortcut,379,9.951368568601584,5.5186456090542615,-0.26337975801647817,-0.2894354648708887
compare_is10_final_validation_predictions,compare_is10_temporal_early_to_late,strong_audio_modality,top_4_validation_ensemble,speech,vowel_e,,,compare_is10_top800_lightgbm,800.0,validation,validation,duration_shortcut,395,9.320225949367089,5.742792215538498,-0.3723268919394415,-0.454371443521513
compare_is10_final_validation_predictions,compare_is10_temporal_early_to_late,strong_audio_modality,top_4_validation_ensemble,speech,vowel_o,,,compare_is10_top800_lightgbm,800.0,test,test,duration_shortcut,365,9.649860787671233,5.065321633188449,-0.3492349394518485,-0.37217894285508024
compare_is10_final_validation_predictions,compare_is10_temporal_early_to_late,strong_audio_modality,top_4_validation_ensemble,speech,vowel_o,,,compare_is10_top800_lightgbm,800.0,validation,validation,duration_shortcut,390,8.93915592948718,5.175527750309688,-0.33399249365823325,-0.36924534005710924
compare_is10_final_validation_predictions,compare_is10_temporal_early_to_late,strong_audio_modality,xgboost_smote_f80,breath,deep_breath,,,compare_is10_top800_lightgbm,800.0,test,test,duration_shortcut,392,14.724866709183674,5.724369848763156,-0.14986669413360773,-0.1286262283101376
compare_is10_final_validation_predictions,compare_is10_temporal_early_to_late,strong_audio_modality,xgboost_smote_f80,breath,deep_breath,,,compare_is10_top800_lightgbm,800.0,validation,validation,duration_shortcut,402,15.837174129353233,6.215333403672904,-0.15680734144647265,-0.20408001168833728
compare_is10_final_validation_predictions,compare_is10_temporal_early_to_late,strong_audio_modality,xgboost_smote_f80,breath,shallow_breath,,,compare_is10_top800_lightgbm,800.0,test,test,duration_shortcut,388,10.568558956185568,5.323598489267108,0.056701043494488367,0.0733821051415145
compare_is10_final_validation_predictions,compare_is10_temporal_early_to_late,strong_audio_modality,xgboost_smote_f80,breath,shallow_breath,,,compare_is10_top800_lightgbm,800.0,validation,validation,duration_shortcut,397,10.742097764483628,5.027293789852788,0.00552028871961877,-0.005539903757591916
compare_is10_final_validation_predictions,compare_is10_temporal_early_to_late,strong_audio_modality,xgboost_smote_f80,cough,heavy_cough,,,compare_is10_top800_lightgbm,800.0,test,test,duration_shortcut,409,5.390074113691933,2.2256502607692266,-0.07478895992216143,-0.09737469969221231
compare_is10_final_validation_predictions,compare_is10_temporal_early_to_late,strong_audio_modality,xgboost_smote_f80,cough,heavy_cough,,,compare_is10_top800_lightgbm,800.0,validation,validation,duration_shortcut,417,6.143201738609113,3.129714127826045,-0.07228179550029278,-0.1851234413994259
compare_is10_final_validation_predictions,compare_is10_temporal_early_to_late,strong_audio_modality,xgboost_smote_f80,cough,shallow_cough,,,compare_is10_top800_lightgbm,800.0,test,test,duration_shortcut,409,4.839944070904646,2.005710302283906,-0.20086801966197215,-0.263093677633497
compare_is10_final_validation_predictions,compare_is10_temporal_early_to_late,strong_audio_modality,xgboost_smote_f80,cough,shallow_cough,,,compare_is10_top800_lightgbm,800.0,validation,validation,duration_shortcut,413,5.338362742130751,2.920624405073457,-0.004041747894106845,-0.20238092494020526
compare_is10_final_validation_predictions,compare_is10_temporal_early_to_late,strong_audio_modality,xgboost_smote_f80,speech,counting_fast,,,compare_is10_top800_lightgbm,800.0,test,test,duration_shortcut,407,8.67567582923833,3.2537822052649257,-0.04443626929177557,-0.08476089753565787
compare_is10_final_validation_predictions,compare_is10_temporal_early_to_late,strong_audio_modality,xgboost_smote_f80,speech,counting_fast,,,compare_is10_top800_lightgbm,800.0,validation,validation,duration_shortcut,415,8.252519277108433,2.998336256557029,0.028220811017226066,-0.0832831140760881
compare_is10_final_validation_predictions,compare_is10_temporal_early_to_late,strong_audio_modality,xgboost_smote_f80,speech,counting_normal,,,compare_is10_top800_lightgbm,800.0,test,test,duration_shortcut,411,15.244627737226278,5.282968069782564,0.17422929845909207,0.17580025331147517
compare_is10_final_validation_predictions,compare_is10_temporal_early_to_late,strong_audio_modality,xgboost_smote_f80,speech,counting_normal,,,compare_is10_top800_lightgbm,800.0,validation,validation,duration_shortcut,417,14.091541366906474,4.651679776292589,-0.08336360644126548,-0.09823595746423612
compare_is10_final_validation_predictions,compare_is10_temporal_early_to_late,strong_audio_modality,xgboost_smote_f80,speech,vowel_a,,,compare_is10_top800_lightgbm,800.0,test,test,duration_shortcut,382,9.154710242146598,5.072256165617543,-0.22935798208764235,-0.2447506651763311
compare_is10_final_validation_predictions,compare_is10_temporal_early_to_late,strong_audio_modality,xgboost_smote_f80,speech,vowel_a,,,compare_is10_top800_lightgbm,800.0,validation,validation,duration_shortcut,401,8.62360551745636,5.06060495589981,-0.37521445865307085,-0.3930505935856177
compare_is10_final_validation_predictions,compare_is10_temporal_early_to_late,strong_audio_modality,xgboost_smote_f80,speech,vowel_e,,,compare_is10_top800_lightgbm,800.0,test,test,duration_shortcut,379,9.951368568601584,5.5186456090542615,-0.23899698324174448,-0.260886678038699
compare_is10_final_validation_predictions,compare_is10_temporal_early_to_late,strong_audio_modality,xgboost_smote_f80,speech,vowel_e,,,compare_is10_top800_lightgbm,800.0,validation,validation,duration_shortcut,395,9.320225949367089,5.742792215538498,-0.3892236993488711,-0.44820921342133246
compare_is10_final_validation_predictions,compare_is10_temporal_early_to_late,strong_audio_modality,xgboost_smote_f80,speech,vowel_o,,,compare_is10_top800_lightgbm,800.0,test,test,duration_shortcut,365,9.649860787671233,5.065321633188449,-0.33748613827053114,-0.35637749266048674
compare_is10_final_validation_predictions,compare_is10_temporal_early_to_late,strong_audio_modality,xgboost_smote_f80,speech,vowel_o,,,compare_is10_top800_lightgbm,800.0,validation,validation,duration_shortcut,390,8.93915592948718,5.175527750309688,-0.32960161053053827,-0.3498702471357751
compare_is10_final_validation_predictions,compare_is10_time_stratified_participant_split,strong_audio_modality,catboost_smote_f80,breath,deep_breath,,,compare_is10_top800_lightgbm,800.0,test,test,duration_shortcut,422,16.13695882701422,6.101360647105381,-0.262537920021655,-0.26605485006295115
compare_is10_final_validation_predictions,compare_is10_time_stratified_participant_split,strong_audio_modality,catboost_smote_f80,breath,deep_breath,,,compare_is10_top800_lightgbm,800.0,validation,validation,duration_shortcut,395,16.36574493670886,6.290985067440863,-0.29394461916893605,-0.30115523957640317
compare_is10_final_validation_predictions,compare_is10_time_stratified_participant_split,strong_audio_modality,catboost_smote_f80,breath,shallow_breath,,,compare_is10_top800_lightgbm,800.0,test,test,duration_shortcut,424,10.515464180424528,5.2620168816658195,-0.05346044478677169,-0.022924110915162225
compare_is10_final_validation_predictions,compare_is10_time_stratified_participant_split,strong_audio_modality,catboost_smote_f80,breath,shallow_breath,,,compare_is10_top800_lightgbm,800.0,validation,validation,duration_shortcut,387,10.348026001291991,4.82904246299152,-0.026548832931755657,-0.012177233193753918
compare_is10_final_validation_predictions,compare_is10_time_stratified_participant_split,strong_audio_modality,catboost_smote_f80,cough,heavy_cough,,,compare_is10_top800_lightgbm,800.0,test,test,duration_shortcut,428,5.844625876168224,2.432995248520908,-0.17167132900545656,-0.21983674495891709
compare_is10_final_validation_predictions,compare_is10_time_stratified_participant_split,strong_audio_modality,catboost_smote_f80,cough,heavy_cough,,,compare_is10_top800_lightgbm,800.0,validation,validation,duration_shortcut,396,6.066338068181818,2.3210323982698586,-0.24697911065162548,-0.27416901915959263
compare_is10_final_validation_predictions,compare_is10_time_stratified_participant_split,strong_audio_modality,catboost_smote_f80,cough,shallow_cough,,,compare_is10_top800_lightgbm,800.0,test,test,duration_shortcut,425,5.185164411764706,2.279582294677633,-0.2626821954792072,-0.2843985708402667
compare_is10_final_validation_predictions,compare_is10_time_stratified_participant_split,strong_audio_modality,catboost_smote_f80,cough,shallow_cough,,,compare_is10_top800_lightgbm,800.0,validation,validation,duration_shortcut,395,5.325506962025316,2.1449114169497765,-0.22913727062217124,-0.2876479373011228
compare_is10_final_validation_predictions,compare_is10_time_stratified_participant_split,strong_audio_modality,catboost_smote_f80,speech,counting_fast,,,compare_is10_top800_lightgbm,800.0,test,test,duration_shortcut,428,7.864165595794393,2.1722573609657565,0.05618487851041043,0.004561090364476293
compare_is10_final_validation_predictions,compare_is10_time_stratified_participant_split,strong_audio_modality,catboost_smote_f80,speech,counting_fast,,,compare_is10_top800_lightgbm,800.0,validation,validation,duration_shortcut,395,7.924042879746835,2.1423892409600045,-0.007606444394716454,-0.065389865481165
compare_is10_final_validation_predictions,compare_is10_time_stratified_participant_split,strong_audio_modality,catboost_smote_f80,speech,counting_normal,,,compare_is10_top800_lightgbm,800.0,test,test,duration_shortcut,428,14.140039427570095,4.3750960098336185,-0.006092495778580816,0.00014843309538181858
compare_is10_final_validation_predictions,compare_is10_time_stratified_participant_split,strong_audio_modality,catboost_smote_f80,speech,counting_normal,,,compare_is10_top800_lightgbm,800.0,validation,validation,duration_shortcut,397,14.415817537783377,4.375871710747273,-0.05499534022461531,-0.1096696695243017
compare_is10_final_validation_predictions,compare_is10_time_stratified_participant_split,strong_audio_modality,catboost_smote_f80,speech,vowel_a,,,compare_is10_top800_lightgbm,800.0,test,test,duration_shortcut,414,9.892309782608693,5.267313403514195,-0.34701706640825875,-0.35868457634028983
compare_is10_final_validation_predictions,compare_is10_time_stratified_participant_split,strong_audio_modality,catboost_smote_f80,speech,vowel_a,,,compare_is10_top800_lightgbm,800.0,validation,validation,duration_shortcut,380,10.370190625000001,5.539627292050235,-0.37792096445963536,-0.40161055339181506
compare_is10_final_validation_predictions,compare_is10_time_stratified_participant_split,strong_audio_modality,catboost_smote_f80,speech,vowel_e,,,compare_is10_top800_lightgbm,800.0,test,test,duration_shortcut,417,10.958006744604315,5.996381983099084,-0.32147834812132386,-0.3675516309261363
compare_is10_final_validation_predictions,compare_is10_time_stratified_participant_split,strong_audio_modality,catboost_smote_f80,speech,vowel_e,,,compare_is10_top800_lightgbm,800.0,validation,validation,duration_shortcut,381,11.430341371391076,6.346675453103952,-0.3875054543720133,-0.4170138148771862
compare_is10_final_validation_predictions,compare_is10_time_stratified_participant_split,strong_audio_modality,catboost_smote_f80,speech,vowel_o,,,compare_is10_top800_lightgbm,800.0,test,test,duration_shortcut,410,10.636546798780488,5.50334957062903,-0.31702640240774377,-0.3386785623269818
compare_is10_final_validation_predictions,compare_is10_time_stratified_participant_split,strong_audio_modality,catboost_smote_f80,speech,vowel_o,,,compare_is10_top800_lightgbm,800.0,validation,validation,duration_shortcut,374,11.47755330882353,16.78373879669937,-0.19339139342972242,-0.39868924785546905
compare_is10_final_validation_predictions,compare_is10_time_stratified_participant_split,strong_audio_modality,lightgbm_smote_f80,breath,deep_breath,,,compare_is10_top800_lightgbm,800.0,test,test,duration_shortcut,422,16.13695882701422,6.101360647105381,-0.21877600925974972,-0.23419056378777856
compare_is10_final_validation_predictions,compare_is10_time_stratified_participant_split,strong_audio_modality,lightgbm_smote_f80,breath,deep_breath,,,compare_is10_top800_lightgbm,800.0,validation,validation,duration_shortcut,395,16.36574493670886,6.290985067440863,-0.28195706421756406,-0.26483906982399397
compare_is10_final_validation_predictions,compare_is10_time_stratified_participant_split,strong_audio_modality,lightgbm_smote_f80,breath,shallow_breath,,,compare_is10_top800_lightgbm,800.0,test,test,duration_shortcut,424,10.515464180424528,5.2620168816658195,-0.033146219595140386,-0.006951074841129217
compare_is10_final_validation_predictions,compare_is10_time_stratified_participant_split,strong_audio_modality,lightgbm_smote_f80,breath,shallow_breath,,,compare_is10_top800_lightgbm,800.0,validation,validation,duration_shortcut,387,10.348026001291991,4.82904246299152,-0.014737681269845775,-0.002951562176743858
compare_is10_final_validation_predictions,compare_is10_time_stratified_participant_split,strong_audio_modality,lightgbm_smote_f80,cough,heavy_cough,,,compare_is10_top800_lightgbm,800.0,test,test,duration_shortcut,428,5.844625876168224,2.432995248520908,-0.15848839040626023,-0.17225716221957876
compare_is10_final_validation_predictions,compare_is10_time_stratified_participant_split,strong_audio_modality,lightgbm_smote_f80,cough,heavy_cough,,,compare_is10_top800_lightgbm,800.0,validation,validation,duration_shortcut,396,6.066338068181818,2.3210323982698586,-0.21692055302356394,-0.23820305429245314
compare_is10_final_validation_predictions,compare_is10_time_stratified_participant_split,strong_audio_modality,lightgbm_smote_f80,cough,shallow_cough,,,compare_is10_top800_lightgbm,800.0,test,test,duration_shortcut,425,5.185164411764706,2.279582294677633,-0.2664819413890648,-0.29605256928279594
compare_is10_final_validation_predictions,compare_is10_time_stratified_participant_split,strong_audio_modality,lightgbm_smote_f80,cough,shallow_cough,,,compare_is10_top800_lightgbm,800.0,validation,validation,duration_shortcut,395,5.325506962025316,2.1449114169497765,-0.2209835990743279,-0.29147361234512126
compare_is10_final_validation_predictions,compare_is10_time_stratified_participant_split,strong_audio_modality,lightgbm_smote_f80,speech,counting_fast,,,compare_is10_top800_lightgbm,800.0,test,test,duration_shortcut,428,7.864165595794393,2.1722573609657565,0.06852771694783258,-0.010864974775366408
compare_is10_final_validation_predictions,compare_is10_time_stratified_participant_split,strong_audio_modality,lightgbm_smote_f80,speech,counting_fast,,,compare_is10_top800_lightgbm,800.0,validation,validation,duration_shortcut,395,7.924042879746835,2.1423892409600045,0.024105489248448957,-0.05877414089184884
compare_is10_final_validation_predictions,compare_is10_time_stratified_participant_split,strong_audio_modality,lightgbm_smote_f80,speech,counting_normal,,,compare_is10_top800_lightgbm,800.0,test,test,duration_shortcut,428,14.140039427570095,4.3750960098336185,-0.0069543490508400365,-0.02651729935352603
compare_is10_final_validation_predictions,compare_is10_time_stratified_participant_split,strong_audio_modality,lightgbm_smote_f80,speech,counting_normal,,,compare_is10_top800_lightgbm,800.0,validation,validation,duration_shortcut,397,14.415817537783377,4.375871710747273,-0.044030622887039884,-0.10252932824158192
compare_is10_final_validation_predictions,compare_is10_time_stratified_participant_split,strong_audio_modality,lightgbm_smote_f80,speech,vowel_a,,,compare_is10_top800_lightgbm,800.0,test,test,duration_shortcut,414,9.892309782608693,5.267313403514195,-0.3194889622335898,-0.33743256059329685
compare_is10_final_validation_predictions,compare_is10_time_stratified_participant_split,strong_audio_modality,lightgbm_smote_f80,speech,vowel_a,,,compare_is10_top800_lightgbm,800.0,validation,validation,duration_shortcut,380,10.370190625000001,5.539627292050235,-0.3776146723021616,-0.3938022045304225
compare_is10_final_validation_predictions,compare_is10_time_stratified_participant_split,strong_audio_modality,lightgbm_smote_f80,speech,vowel_e,,,compare_is10_top800_lightgbm,800.0,test,test,duration_shortcut,417,10.958006744604315,5.996381983099084,-0.28982347445640133,-0.34270228448329876
compare_is10_final_validation_predictions,compare_is10_time_stratified_participant_split,strong_audio_modality,lightgbm_smote_f80,speech,vowel_e,,,compare_is10_top800_lightgbm,800.0,validation,validation,duration_shortcut,381,11.430341371391076,6.346675453103952,-0.36440335739659485,-0.41026027559181016
compare_is10_final_validation_predictions,compare_is10_time_stratified_participant_split,strong_audio_modality,lightgbm_smote_f80,speech,vowel_o,,,compare_is10_top800_lightgbm,800.0,test,test,duration_shortcut,410,10.636546798780488,5.50334957062903,-0.282077414669006,-0.3244308107214213
compare_is10_final_validation_predictions,compare_is10_time_stratified_participant_split,strong_audio_modality,lightgbm_smote_f80,speech,vowel_o,,,compare_is10_top800_lightgbm,800.0,validation,validation,duration_shortcut,374,11.47755330882353,16.78373879669937,-0.1731744561269569,-0.4135787694334271
compare_is10_final_validation_predictions,compare_is10_time_stratified_participant_split,strong_audio_modality,svc_rbf_f60,breath,deep_breath,,,compare_is10_top800_lightgbm,800.0,test,test,duration_shortcut,422,16.13695882701422,6.101360647105381,-0.29491349823383384,-0.2892341895508976
compare_is10_final_validation_predictions,compare_is10_time_stratified_participant_split,strong_audio_modality,svc_rbf_f60,breath,deep_breath,,,compare_is10_top800_lightgbm,800.0,validation,validation,duration_shortcut,395,16.36574493670886,6.290985067440863,-0.280576217342233,-0.2748109091976497
compare_is10_final_validation_predictions,compare_is10_time_stratified_participant_split,strong_audio_modality,svc_rbf_f60,breath,shallow_breath,,,compare_is10_top800_lightgbm,800.0,test,test,duration_shortcut,424,10.515464180424528,5.2620168816658195,-0.08382749944812203,-0.07063657961043411
compare_is10_final_validation_predictions,compare_is10_time_stratified_participant_split,strong_audio_modality,svc_rbf_f60,breath,shallow_breath,,,compare_is10_top800_lightgbm,800.0,validation,validation,duration_shortcut,387,10.348026001291991,4.82904246299152,-0.06332354210463506,-0.07010744361253766
compare_is10_final_validation_predictions,compare_is10_time_stratified_participant_split,strong_audio_modality,svc_rbf_f60,cough,heavy_cough,,,compare_is10_top800_lightgbm,800.0,test,test,duration_shortcut,428,5.844625876168224,2.432995248520908,-0.16327795171993875,-0.17506138629123416
compare_is10_final_validation_predictions,compare_is10_time_stratified_participant_split,strong_audio_modality,svc_rbf_f60,cough,heavy_cough,,,compare_is10_top800_lightgbm,800.0,validation,validation,duration_shortcut,396,6.066338068181818,2.3210323982698586,-0.22442385253730004,-0.2536794305647718
compare_is10_final_validation_predictions,compare_is10_time_stratified_participant_split,strong_audio_modality,svc_rbf_f60,cough,shallow_cough,,,compare_is10_top800_lightgbm,800.0,test,test,duration_shortcut,425,5.185164411764706,2.279582294677633,-0.2718133477096297,-0.30306222559327395
compare_is10_final_validation_predictions,compare_is10_time_stratified_participant_split,strong_audio_modality,svc_rbf_f60,cough,shallow_cough,,,compare_is10_top800_lightgbm,800.0,validation,validation,duration_shortcut,395,5.325506962025316,2.1449114169497765,-0.2141010382068992,-0.2549313881439028
compare_is10_final_validation_predictions,compare_is10_time_stratified_participant_split,strong_audio_modality,svc_rbf_f60,speech,counting_fast,,,compare_is10_top800_lightgbm,800.0,test,test,duration_shortcut,428,7.864165595794393,2.1722573609657565,0.06025195858191371,0.009303104515355404
compare_is10_final_validation_predictions,compare_is10_time_stratified_participant_split,strong_audio_modality,svc_rbf_f60,speech,counting_fast,,,compare_is10_top800_lightgbm,800.0,validation,validation,duration_shortcut,395,7.924042879746835,2.1423892409600045,0.027642832691755975,-0.030916250916965426
compare_is10_final_validation_predictions,compare_is10_time_stratified_participant_split,strong_audio_modality,svc_rbf_f60,speech,counting_normal,,,compare_is10_top800_lightgbm,800.0,test,test,duration_shortcut,428,14.140039427570095,4.3750960098336185,-0.055865348657990525,-0.030985894178793154
compare_is10_final_validation_predictions,compare_is10_time_stratified_participant_split,strong_audio_modality,svc_rbf_f60,speech,counting_normal,,,compare_is10_top800_lightgbm,800.0,validation,validation,duration_shortcut,397,14.415817537783377,4.375871710747273,-0.03122021756410609,-0.06650328328500105
compare_is10_final_validation_predictions,compare_is10_time_stratified_participant_split,strong_audio_modality,svc_rbf_f60,speech,vowel_a,,,compare_is10_top800_lightgbm,800.0,test,test,duration_shortcut,414,9.892309782608693,5.267313403514195,-0.2969144795387456,-0.3065911978173028
compare_is10_final_validation_predictions,compare_is10_time_stratified_participant_split,strong_audio_modality,svc_rbf_f60,speech,vowel_a,,,compare_is10_top800_lightgbm,800.0,validation,validation,duration_shortcut,380,10.370190625000001,5.539627292050235,-0.3784443354943945,-0.3725353972214735
compare_is10_final_validation_predictions,compare_is10_time_stratified_participant_split,strong_audio_modality,svc_rbf_f60,speech,vowel_e,,,compare_is10_top800_lightgbm,800.0,test,test,duration_shortcut,417,10.958006744604315,5.996381983099084,-0.3387871398296026,-0.36242084018223397
compare_is10_final_validation_predictions,compare_is10_time_stratified_participant_split,strong_audio_modality,svc_rbf_f60,speech,vowel_e,,,compare_is10_top800_lightgbm,800.0,validation,validation,duration_shortcut,381,11.430341371391076,6.346675453103952,-0.4085459078474159,-0.412706759541595
compare_is10_final_validation_predictions,compare_is10_time_stratified_participant_split,strong_audio_modality,svc_rbf_f60,speech,vowel_o,,,compare_is10_top800_lightgbm,800.0,test,test,duration_shortcut,410,10.636546798780488,5.50334957062903,-0.2764799865190187,-0.29515912027747926
compare_is10_final_validation_predictions,compare_is10_time_stratified_participant_split,strong_audio_modality,svc_rbf_f60,speech,vowel_o,,,compare_is10_top800_lightgbm,800.0,validation,validation,duration_shortcut,374,11.47755330882353,16.78373879669937,-0.16051923331757365,-0.38659461826870095
compare_is10_final_validation_predictions,compare_is10_time_stratified_participant_split,strong_audio_modality,top_4_validation_ensemble,breath,deep_breath,,,compare_is10_top800_lightgbm,800.0,test,test,duration_shortcut,422,16.13695882701422,6.101360647105381,-0.2593964964361569,-0.2699077737243058
compare_is10_final_validation_predictions,compare_is10_time_stratified_participant_split,strong_audio_modality,top_4_validation_ensemble,breath,deep_breath,,,compare_is10_top800_lightgbm,800.0,validation,validation,duration_shortcut,395,16.36574493670886,6.290985067440863,-0.29620474431885296,-0.29099151354941105
compare_is10_final_validation_predictions,compare_is10_time_stratified_participant_split,strong_audio_modality,top_4_validation_ensemble,breath,shallow_breath,,,compare_is10_top800_lightgbm,800.0,test,test,duration_shortcut,424,10.515464180424528,5.2620168816658195,-0.054707710357535355,-0.028251971160735592
compare_is10_final_validation_predictions,compare_is10_time_stratified_participant_split,strong_audio_modality,top_4_validation_ensemble,breath,shallow_breath,,,compare_is10_top800_lightgbm,800.0,validation,validation,duration_shortcut,387,10.348026001291991,4.82904246299152,-0.027734537787371186,-0.021001424451871892
compare_is10_final_validation_predictions,compare_is10_time_stratified_participant_split,strong_audio_modality,top_4_validation_ensemble,cough,heavy_cough,,,compare_is10_top800_lightgbm,800.0,test,test,duration_shortcut,428,5.844625876168224,2.432995248520908,-0.16708206280979299,-0.19739313293875857
compare_is10_final_validation_predictions,compare_is10_time_stratified_participant_split,strong_audio_modality,top_4_validation_ensemble,cough,heavy_cough,,,compare_is10_top800_lightgbm,800.0,validation,validation,duration_shortcut,396,6.066338068181818,2.3210323982698586,-0.23970776439963237,-0.2723750229758545
compare_is10_final_validation_predictions,compare_is10_time_stratified_participant_split,strong_audio_modality,top_4_validation_ensemble,cough,shallow_cough,,,compare_is10_top800_lightgbm,800.0,test,test,duration_shortcut,425,5.185164411764706,2.279582294677633,-0.2796406701602981,-0.30710422570655654
compare_is10_final_validation_predictions,compare_is10_time_stratified_participant_split,strong_audio_modality,top_4_validation_ensemble,cough,shallow_cough,,,compare_is10_top800_lightgbm,800.0,validation,validation,duration_shortcut,395,5.325506962025316,2.1449114169497765,-0.23026885322353804,-0.28791586281715653
compare_is10_final_validation_predictions,compare_is10_time_stratified_participant_split,strong_audio_modality,top_4_validation_ensemble,speech,counting_fast,,,compare_is10_top800_lightgbm,800.0,test,test,duration_shortcut,428,7.864165595794393,2.1722573609657565,0.06398549509242846,0.0046681605708262484
compare_is10_final_validation_predictions,compare_is10_time_stratified_participant_split,strong_audio_modality,top_4_validation_ensemble,speech,counting_fast,,,compare_is10_top800_lightgbm,800.0,validation,validation,duration_shortcut,395,7.924042879746835,2.1423892409600045,0.007533293281493119,-0.05836742725065931
compare_is10_final_validation_predictions,compare_is10_time_stratified_participant_split,strong_audio_modality,top_4_validation_ensemble,speech,counting_normal,,,compare_is10_top800_lightgbm,800.0,test,test,duration_shortcut,428,14.140039427570095,4.3750960098336185,-0.020754112515736636,-0.01583003062565696
compare_is10_final_validation_predictions,compare_is10_time_stratified_participant_split,strong_audio_modality,top_4_validation_ensemble,speech,counting_normal,,,compare_is10_top800_lightgbm,800.0,validation,validation,duration_shortcut,397,14.415817537783377,4.375871710747273,-0.04681958815498377,-0.10185033579106652
compare_is10_final_validation_predictions,compare_is10_time_stratified_participant_split,strong_audio_modality,top_4_validation_ensemble,speech,vowel_a,,,compare_is10_top800_lightgbm,800.0,test,test,duration_shortcut,414,9.892309782608693,5.267313403514195,-0.3434387551720999,-0.35756596362095805
compare_is10_final_validation_predictions,compare_is10_time_stratified_participant_split,strong_audio_modality,top_4_validation_ensemble,speech,vowel_a,,,compare_is10_top800_lightgbm,800.0,validation,validation,duration_shortcut,380,10.370190625000001,5.539627292050235,-0.3887904501248523,-0.40310119404767797
compare_is10_final_validation_predictions,compare_is10_time_stratified_participant_split,strong_audio_modality,top_4_validation_ensemble,speech,vowel_e,,,compare_is10_top800_lightgbm,800.0,test,test,duration_shortcut,417,10.958006744604315,5.996381983099084,-0.32500874736870056,-0.3660647102236362
compare_is10_final_validation_predictions,compare_is10_time_stratified_participant_split,strong_audio_modality,top_4_validation_ensemble,speech,vowel_e,,,compare_is10_top800_lightgbm,800.0,validation,validation,duration_shortcut,381,11.430341371391076,6.346675453103952,-0.3952207353286848,-0.42318649518953083
compare_is10_final_validation_predictions,compare_is10_time_stratified_participant_split,strong_audio_modality,top_4_validation_ensemble,speech,vowel_o,,,compare_is10_top800_lightgbm,800.0,test,test,duration_shortcut,410,10.636546798780488,5.50334957062903,-0.30798121910231485,-0.33000723909538443
compare_is10_final_validation_predictions,compare_is10_time_stratified_participant_split,strong_audio_modality,top_4_validation_ensemble,speech,vowel_o,,,compare_is10_top800_lightgbm,800.0,validation,validation,duration_shortcut,374,11.47755330882353,16.78373879669937,-0.18462471175597714,-0.41362571392930264
compare_is10_final_validation_predictions,compare_is10_time_stratified_participant_split,strong_audio_modality,xgboost_smote_f80,breath,deep_breath,,,compare_is10_top800_lightgbm,800.0,test,test,duration_shortcut,422,16.13695882701422,6.101360647105381,-0.25606815909145436,-0.267544739967311
compare_is10_final_validation_predictions,compare_is10_time_stratified_participant_split,strong_audio_modality,xgboost_smote_f80,breath,deep_breath,,,compare_is10_top800_lightgbm,800.0,validation,validation,duration_shortcut,395,16.36574493670886,6.290985067440863,-0.2864644590058168,-0.28913472201620427
compare_is10_final_validation_predictions,compare_is10_time_stratified_participant_split,strong_audio_modality,xgboost_smote_f80,breath,shallow_breath,,,compare_is10_top800_lightgbm,800.0,test,test,duration_shortcut,424,10.515464180424528,5.2620168816658195,-0.05881370016846056,-0.021807020852508477
compare_is10_final_validation_predictions,compare_is10_time_stratified_participant_split,strong_audio_modality,xgboost_smote_f80,breath,shallow_breath,,,compare_is10_top800_lightgbm,800.0,validation,validation,duration_shortcut,387,10.348026001291991,4.82904246299152,-0.020343867381001957,-0.012468980901070506
compare_is10_final_validation_predictions,compare_is10_time_stratified_participant_split,strong_audio_modality,xgboost_smote_f80,cough,heavy_cough,,,compare_is10_top800_lightgbm,800.0,test,test,duration_shortcut,428,5.844625876168224,2.432995248520908,-0.1543194876067962,-0.18268331816892303
compare_is10_final_validation_predictions,compare_is10_time_stratified_participant_split,strong_audio_modality,xgboost_smote_f80,cough,heavy_cough,,,compare_is10_top800_lightgbm,800.0,validation,validation,duration_shortcut,396,6.066338068181818,2.3210323982698586,-0.23999759745266927,-0.2671992879813075
compare_is10_final_validation_predictions,compare_is10_time_stratified_participant_split,strong_audio_modality,xgboost_smote_f80,cough,shallow_cough,,,compare_is10_top800_lightgbm,800.0,test,test,duration_shortcut,425,5.185164411764706,2.279582294677633,-0.2813379075289679,-0.3081306947581537
compare_is10_final_validation_predictions,compare_is10_time_stratified_participant_split,strong_audio_modality,xgboost_smote_f80,cough,shallow_cough,,,compare_is10_top800_lightgbm,800.0,validation,validation,duration_shortcut,395,5.325506962025316,2.1449114169497765,-0.22388241486153238,-0.2739138488640576
compare_is10_final_validation_predictions,compare_is10_time_stratified_participant_split,strong_audio_modality,xgboost_smote_f80,speech,counting_fast,,,compare_is10_top800_lightgbm,800.0,test,test,duration_shortcut,428,7.864165595794393,2.1722573609657565,0.06046912769996512,0.010613792134686023
compare_is10_final_validation_predictions,compare_is10_time_stratified_participant_split,strong_audio_modality,xgboost_smote_f80,speech,counting_fast,,,compare_is10_top800_lightgbm,800.0,validation,validation,duration_shortcut,395,7.924042879746835,2.1423892409600045,-0.012856125089311634,-0.06390537527933712
compare_is10_final_validation_predictions,compare_is10_time_stratified_participant_split,strong_audio_modality,xgboost_smote_f80,speech,counting_normal,,,compare_is10_top800_lightgbm,800.0,test,test,duration_shortcut,428,14.140039427570095,4.3750960098336185,-0.02420971296704817,-0.02498460376475871
compare_is10_final_validation_predictions,compare_is10_time_stratified_participant_split,strong_audio_modality,xgboost_smote_f80,speech,counting_normal,,,compare_is10_top800_lightgbm,800.0,validation,validation,duration_shortcut,397,14.415817537783377,4.375871710747273,-0.04716939681633708,-0.10582224856506064
compare_is10_final_validation_predictions,compare_is10_time_stratified_participant_split,strong_audio_modality,xgboost_smote_f80,speech,vowel_a,,,compare_is10_top800_lightgbm,800.0,test,test,duration_shortcut,414,9.892309782608693,5.267313403514195,-0.34269985328916974,-0.35373557982634074
compare_is10_final_validation_predictions,compare_is10_time_stratified_participant_split,strong_audio_modality,xgboost_smote_f80,speech,vowel_a,,,compare_is10_top800_lightgbm,800.0,validation,validation,duration_shortcut,380,10.370190625000001,5.539627292050235,-0.3636779677518027,-0.3815944375749405
compare_is10_final_validation_predictions,compare_is10_time_stratified_participant_split,strong_audio_modality,xgboost_smote_f80,speech,vowel_e,,,compare_is10_top800_lightgbm,800.0,test,test,duration_shortcut,417,10.958006744604315,5.996381983099084,-0.31469152541032624,-0.34095711277220825
compare_is10_final_validation_predictions,compare_is10_time_stratified_participant_split,strong_audio_modality,xgboost_smote_f80,speech,vowel_e,,,compare_is10_top800_lightgbm,800.0,validation,validation,duration_shortcut,381,11.430341371391076,6.346675453103952,-0.38378757450931217,-0.4131322792823323
compare_is10_final_validation_predictions,compare_is10_time_stratified_participant_split,strong_audio_modality,xgboost_smote_f80,speech,vowel_o,,,compare_is10_top800_lightgbm,800.0,test,test,duration_shortcut,410,10.636546798780488,5.50334957062903,-0.30917214619888955,-0.32500187189449087
compare_is10_final_validation_predictions,compare_is10_time_stratified_participant_split,strong_audio_modality,xgboost_smote_f80,speech,vowel_o,,,compare_is10_top800_lightgbm,800.0,validation,validation,duration_shortcut,374,11.47755330882353,16.78373879669937,-0.1819657874054463,-0.39214422148259087
